Cervical,Thoracic,Lumbar,Sacral,Caudal,varianceRatio
1,0,0,0,0,0.0006337316049
0,1,0,0,0,0.0004976092233
0,0,1,0,0,0.004347436344
0,0,0,1,0,0.004389465516
0,0,0,0,1,0.001080782546
