Cervical,Thoracic,Lumbar,Sacral,Caudal,varianceRatio
11.59090909,0,0,0,0,0.0006337316049
0,6.113636364,0,0,0,0.0004976092233
0,0,0,0,0,0.004347436344
0,0,0,9.454545455,0,0.004389465516
0,0,0,0,6.375,0.001080782546
