Cervical,Thoracic,Lumbar,Sacral,Caudal,varianceRatio
-0.05255217735,0.09134368708,-1.110223025e-16,-0.03638424752,0.9937659614,0.02747521488
0.004506175509,0.9958034973,-1.415534356e-15,-0.002305672714,-0.0913770922,0.002222393442
0,1.447829575e-15,1,1.031731689e-16,-2.023410298e-16,1.182339977e-36
