Cervical,Thoracic,Lumbar,Sacral,Caudal,varianceRatio
11.59090909,0,0,0,0,0.01036748003
0,6.113636364,0,0,0,0.0002080013712
0,0,0,0,0,0.0002110459597
0,0,0,9.454545455,0,0.0006344358048
0,0,0,0,6.375,0.0006337316049
