Cervical,Thoracic,Lumbar,Sacral,Caudal,std,outside_std,totalVar,constraintRatio,constraintThresholdLocal,span
0,0,1,0,0,0.0,2.5829931354397373,1.7717803030303028,10,0.1,1
0,1,0,0,0,0.4751032945537925,49.98504693995599,1.7717803030303028,10,0.1,1
1,0,0,0,0,0.5142594772265799,5.05063169935606,1.7717803030303028,10,0.1,1
0,1,0,0,-1,0.6762079794005382,41.16279617652073,1.7717803030303028,10,0.1,1
1,1,0,1,-1,1.158700914782307,40.29684169672885,1.7717803030303028,10,0.1,1
