Cervical,Thoracic,Lumbar,Sacral,Caudal,varianceRatio
1,0,0,0,0,0.01036748003
0,1,0,0,0,9.034328446e-05
0,0,1,0,0,0
0,0,0,1,0,0.0263665174
0,0,0,0,1,0.001080782546
