Cervical,Thoracic,Lumbar,Sacral,Caudal,varianceRatio
11.59090909,0,0,0,0,0.01036748003
0,6.113636364,0,0,0,9.034328446e-05
0,0,0,0,0,0
0,0,0,9.454545455,0,0.0263665174
0,0,0,0,6.375,0.001080782546
