Cervical,Thoracic,Lumbar,Sacral,Caudal,constantValue,varianceRatio
0.06519106335,0.0006278448189,-0,1,0.01115467191,10.28511859,0.02578908557
1,-2.770009687e-06,-0,-0.05794212775,0.01332501862,11.12802267,0.01264078271
-0.2008016347,0.03599600529,-8.420988935e-16,-0.1289644127,1,3.048293092,0.0009062357764
0.04387682726,1,-2.736048964e-14,-0.02082594566,-0.2343170011,4.931537948,9.612663948e-05
0,7.522121535e-17,1,4.821369209e-17,-2.684398404e-17,7.445833027e-16,4.594478749e-38
