Cervical,Thoracic,Lumbar,Sacral,Caudal,variance,varianceRatio
1,0,0,0,0,0.2644628099,0.1492638842
0,1,0,0,0,0.2257231405,0.1273990574
0,0,0,1,0,0.7933884298,0.4477916525
0,0,0,0,1,0.4076704545,0.2300908605
