Cervical,Thoracic,Lumbar,Sacral,Caudal,varianceRatio
0.02043763552,0.125011622,0.9917892059,0.001862129132,-0.01746713944,0.03412716275
0.3338512756,0.08900410445,-0.01990507037,0.9381997515,-0.0025709241,0.005528181527
0.9407491483,0.02023093937,-0.02166091175,-0.3371929876,-0.02033330076,0.002927834389
