Cervical,Thoracic,Lumbar,Sacral,Caudal,variance,varianceRatio
1,0,0,0,0,0.6300116777,7.29773931e-05
0,0,1,0,0,1.457140999,0.0001687879054
0,0,0,1,0,1.439386056,0.0001667312619
0,0,0,0,1,634.4092092,0.07348678109
