Cervical,Thoracic,Lumbar,Sacral,Caudal,constantValue,varianceRatio
0.3835992673,0.01054712282,-0.04540093359,1,-0.0007779529602,3.546666316,0.01821238913
1,0.002217897412,-0.04570663369,-0.3324946471,-0.005692111568,2.531590964,0.0361582794
