Cervical,Thoracic,Lumbar,Sacral,Caudal,std,outside_std,totalVar,constraintRatio,constraintThresholdLocal,span
1,0,0,0,0,0.7937327495581391,5.145999335592872,8632.970443624843,10,0.1,1
0,0,0,1,0,1.1997441628078327,5.583835991326621,8632.970443624843,10,0.1,1
0,0,1,0,0,1.2071209545689352,2.6840566389025895,8632.970443624843,10,0.1,1
0,0,0,1,1,24.857188350557855,9.659818815941339,8632.970443624843,10,0.1,1
