Cervical,Thoracic,Lumbar,Sacral,Caudal,varianceRatio
3.107525806,0,0,0,0,0.02379080558
0,0,0,1.435483871,0,0.046164909
