Cervical,Thoracic,Lumbar,Sacral,Caudal,varianceRatio
0,1,0,0,0,28.49780624
0,0,1,0,0,27.50923253
0,0,0,1,0,25.46159314
0,0,0,0,1,23.17517002
