Cervical,Thoracic,Lumbar,Sacral,Caudal,std,outside_std,totalVar,plasticityRatio,constraintThresholdLocal,span
0,1,0,0,1,72.00362673952361,22.226716837804364,8632.970443624843,10,0.1,1
0,-1,0,0,0,88.63291283133316,17.348100519828304,8632.970443624843,10,0.1,1
0,1,0,0,0,88.63291283133316,17.348100519828304,8632.970443624843,10,0.1,1
