Cervical,Thoracic,Lumbar,Sacral,Caudal,varianceRatio
0,93.41403226,0,0,0,28.49780624
0,0,0.6209677419,0,0,27.50923253
0,0,0,1.435483871,0,25.46159314
0,0,0,0,48.74193548,23.17517002
