Cervical,Thoracic,Lumbar,Sacral,Caudal,constantValue,varianceRatio
-0.1846190191,0.4460076856,-1,-0.3242231124,0.5514295156,66.88102505,16.91126202
