Cervical,Thoracic,Lumbar,Sacral,Caudal,varianceRatio
3.107525806,0,0,0,0,23.17517002
0,93.41403226,0,0,0,23.02409853
