Cervical,Thoracic,Lumbar,Sacral,Caudal,constantValue,varianceRatio
-0.03482525019,1,-2.267823821e-13,0.09106796994,-0.3769996557,6.125391793,0.01208437083
-0.03041016668,-0.001281672008,-1.622661181e-13,1,-0.002503651289,0.9582222078,0.0008497365984
1,0.0002833773759,-1.657178559e-11,0.02616693712,-0.0009959979824,1.026289105,0.0001495588531
4.200955666e-12,1.749304366e-15,1,1.455519591e-13,-4.493099283e-15,4.350374649e-12,8.634593951e-17
