Cervical,Thoracic,Lumbar,Sacral,Caudal,varianceRatio
1.006849315,0,0,0,0,0.0001628805218
0,9.952054795,0,0,0,0.01748764485
0,0,0,0,0,0
0,0,0,1.02739726,0,0.0008660270371
