Cervical,Thoracic,Lumbar,Sacral,Caudal,varianceRatio
1,0,0,0,0,0.0001628805218
0,1,0,0,0,0.01905207124
0,0,1,0,0,0.01946212654
0,0,0,1,0,0.02116678155
0,0,0,0,1,0.08462845819
