Cervical,Thoracic,Lumbar,Sacral,Caudal,varianceRatio
1.006849315,0,0,0,0,0.0001628805218
0,9.952054795,0,0,0,0.01905207124
0,0,0,0,0,0.01946212654
0,0,0,1.02739726,0,0.02116678155
0,0,0,0,10.30547945,0.08462845819
