Cervical,Thoracic,Lumbar,Sacral,Caudal,std,outside_std,totalVar,constraintRatio,constraintThresholdLocal,span
0,0,1,0,0,0.0,2.7005530726988294,210.1229414003044,10,0.1,1
1,0,0,0,0,0.05811836557697651,4.553850998026888,210.1229414003044,10,0.1,1
0,0,0,1,0,0.16323801764127377,5.5469670575382874,210.1229414003044,10,0.1,1
0,1,0,0,0,7.058544022886374,53.37642287321466,210.1229414003044,10,0.1,1
0,1,0,0,-1,9.584749333110913,43.99930620195572,210.1229414003044,10,0.1,1
