Cervical,Thoracic,Lumbar,Sacral,Caudal,varianceRatio
1.006849315,0,0,0,0,0.08462845819
0,9.952054795,0,0,0,0.07833500103
