Cervical,Thoracic,Lumbar,Sacral,Caudal,variance,varianceRatio
1,0,0,0,0,0.003377744417,1.60750863e-05
0,0,0,1,0,0.0266466504,0.0001268145697
