Cervical,Thoracic,Lumbar,Sacral,Caudal,varianceRatio
0.003044247897,0.1459537048,-5.921372236e-17,0.01049237645,0.9892310947,0.9717744231
