Cervical,Thoracic,Lumbar,Sacral,Caudal,variance,varianceRatio
0,1,0,0,0,49.82304372,0.2371137744
0,0,0,0,1,157.3914768,0.7490447058
