Cervical,Thoracic,Lumbar,Sacral,Caudal,std,outside_std,totalVar,constraintRatio,constraintThresholdLocal,span
0,0,1,0,0,0.0,2.614630396291909,15.217901233018335,10,0.1,1
0,1,0,0,0,0.6020797289396148,50.80254406145294,15.217901233018335,10,0.1,1
0,1,0,0,-1,1.1284070494000835,41.94815161869284,15.217901233018335,10,0.1,1
1,-1,0,-1,-1,1.6010274049990387,64.46350528706724,15.217901233018335,10,0.1,1
0,1,0,-1,1,2.159532413952979,66.37981556572701,15.217901233018335,10,0.1,1
