Cervical,Thoracic,Lumbar,Sacral,Caudal,constantValue,varianceRatio
-0.2879350458,-0.007588462749,8.39878928e-16,0.1183230655,1,3.730965609,0.001549449326
-0.03252712999,1,-5.49024452e-14,-0.01119835118,0.04893772815,5.956658327,0.0001370602798
0,1.480413671e-16,1,-3.280277342e-18,-1.069682124e-17,8.165014862e-16,4.751124821e-32
