Cervical,Thoracic,Lumbar,Sacral,Caudal,varianceRatio
15.19814815,0,0,0,0,0.008268488263
0,6.316666667,0,0,0,0.002280037
0,0,0,0,0,0.02408208424
0,0,0,15.58333333,0,0.02436842643
0,0,0,0,6.311111111,0.002472372782
