Cervical,Thoracic,Lumbar,Sacral,Caudal,varianceRatio
0,6.316666667,0,0,0,0.0001404549626
0,0,0,0,0,0
0,0,0,0,6.311111111,0.002472372782
