Cervical,Thoracic,Lumbar,Sacral,Caudal,varianceRatio
0,1,0,0,0,0.003598689715
0,0,1,0,0,0.003652719949
0,0,0,1,0,0.01085970192
0,0,0,0,1,0.008268488263
