Cervical,Thoracic,Lumbar,Sacral,Caudal,varianceRatio
0,6.316666667,0,0,0,0.003598689715
0,0,0,0,0,0.003652719949
0,0,0,15.58333333,0,0.01085970192
0,0,0,0,6.311111111,0.008268488263
