Cervical,Thoracic,Lumbar,Sacral,Caudal,varianceRatio
1,0,0,0,0,0.008268488263
0,1,0,0,0,0.002280037
0,0,1,0,0,0.02408208424
0,0,0,1,0,0.02436842643
0,0,0,0,1,0.002472372782
