Cervical,Thoracic,Lumbar,Sacral,Caudal,varianceRatio
0.8115574939,0.00264280393,4.149612026e-32,0.5827539667,0.04201504522,0.9049333629
