Cervical,Thoracic,Lumbar,Sacral,Caudal,variance,varianceRatio
1,0,0,0,0,8.015860767,0.5267389139
0,0,0,1,0,5.465277778,0.3591347909
