Cervical,Thoracic,Lumbar,Sacral,Caudal,std,outside_std,totalVar,constraintRatio,constraintThresholdLocal,span
1,0,1,1,0,0.0,9.73836027263252,0.11980392156862746,10,0.1,1
0,0,1,1,0,0.0,5.289803166470158,0.11980392156862746,10,0.1,1
1,0,0,1,0,0.0,10.079990799583076,0.11980392156862746,10,0.1,1
1,1,1,1,0,0.1386483884679505,47.68917237672857,0.11980392156862746,10,0.1,1
1,1,1,1,1,0.33876769692492154,60.19196312156629,0.11980392156862746,10,0.1,1
