Cervical,Thoracic,Lumbar,Sacral,Caudal,varianceRatio
1,0,0,0,0,3.167575445e-05
0,1,0,0,0,2.948914159e-05
0,0,1,0,0,0.0003558349557
0,0,0,1,0,0.0003488323515
0,0,0,0,1,0.0002607066836
