Cervical,Thoracic,Lumbar,Sacral,Caudal,varianceRatio
4.268525542e-11,0.9999847076,-4.12439527e-12,-4.508060591e-12,0.005530327642,0.02910897694
0.8816774816,-3.977101981e-11,4.652001036e-06,-0.4718525389,1.58012492e-12,6.639775961e-12
-1.842312017e-05,4.130726092e-12,0.9999999995,-2.456540594e-05,-1.013193595e-12,1.005165223e-12
0.4718525385,-1.617805889e-11,3.035176127e-05,0.8816774813,2.047417791e-12,0
