Cervical,Thoracic,Lumbar,Sacral,Caudal,varianceRatio
1,0,0,0,0,0
0,6.980392157,0,0,0,7.175648526e-06
0,0,0,0,0,0
0,0,0,1,0,0
0,0,0,0,2.931372549,0.0002607066836
