Cervical,Thoracic,Lumbar,Sacral,Caudal,constantValue,varianceRatio
-9.855366346e-12,-0.002165795212,7.810433177e-12,-3.644210751e-12,1,2.916254449,0.0002670011039
4.138903364e-10,1,-7.938601819e-11,-4.054871577e-11,0.01412204584,7.021789135,7.243912759e-06
1,-4.652176872e-12,1.047385099e-05,-0.4964511313,4.719772077e-13,0.5035488687,9.72661978e-15
-9.280830647e-06,2.146096767e-13,1,-1.147962141e-05,-1.344173879e-13,-2.076045096e-05,2.593871406e-16
0.5769213216,-2.040027141e-12,7.366658352e-05,1,6.592590796e-13,1.576921322,0
