Cervical,Thoracic,Lumbar,Sacral,Caudal,varianceRatio
1,0,0,0,0,0
0,1,0,0,0,7.754720079e-06
0,0,1,0,0,7.904466959e-06
0,0,0,1,0,8.4525954e-06
0,0,0,0,1,3.167575445e-05
