Cervical,Thoracic,Lumbar,Sacral,Caudal,varianceRatio
1,0,0,0,0,0
0,1,0,0,0,7.175648526e-06
0,0,1,0,0,0
0,0,0,1,0,0
0,0,0,0,1,0.0002607066836
