Cervical,Thoracic,Lumbar,Sacral,Caudal,varianceRatio
-2.595407076e-12,-0.005530327642,1.036171149e-12,-1.034561325e-12,0.9999847076,0.9708910231
