Cervical,Thoracic,Lumbar,Sacral,Caudal,variance,varianceRatio
0,1,0,0,0,0.01922337562,0.1604569815
0,0,0,0,1,0.09823144944,0.8199351754
