Cervical,Thoracic,Lumbar,Sacral,Caudal,constantValue,varianceRatio
-0,-0.003643673781,0.1619798571,1,0.07019271206,5.619354251,0.02341132284
0,1,0.4949221526,0.2749043963,0.002722260607,16.74499725,0.0001565150199
1,0,0,0,0,7,1.150312873e-35
