Cervical,Thoracic,Lumbar,Sacral,Caudal,varianceRatio
1,0,0,0,0,0
0,1,0,0,0,0.0002967049644
0,0,1,0,0,0.000377931953
0,0,0,1,0,0.0004585862486
0,0,0,0,1,0.01941929807
