Cervical,Thoracic,Lumbar,Sacral,Caudal,std,outside_std,totalVar,constraintRatio,constraintThresholdLocal,span
1,0,0,0,0,0.0,5.230560459681827,84.04926108374383,10,0.1,1
0,1,0,0,0,0.8460582169920894,50.5703908139788,84.04926108374383,10,0.1,1
0,0,1,0,0,1.206403840312821,2.209899819203462,84.04926108374383,10,0.1,1
0,0,1,1,0,1.3348435759204076,5.5804677207896125,84.04926108374383,10,0.1,1
0,0,1,-1,-1,8.21638107409921,18.175847293634497,84.04926108374383,10,0.1,1
