Cervical,Thoracic,Lumbar,Sacral,Caudal,varianceRatio
-0,-0.03171376019,0.07324739166,0.9676705687,0.2392545244,0.04022133529
0,0.9992027371,0.02569291679,0.03053898384,0.001065229536,0.0003350741951
1,0,0,0,0,2.539986796e-35
