Cervical,Thoracic,Lumbar,Sacral,Caudal,varianceRatio
7,0,0,0,0,0
0,12.70689655,0,0,0,0.0002799032078
0,0,0,3.362068966,0,0.03128950793
