Cervical,Thoracic,Lumbar,Sacral,Caudal,varianceRatio
7,0,0,0,0,0
0,12.70689655,0,0,0,0.0002967049644
0,0,6.189655172,0,0,0.000377931953
0,0,0,3.362068966,0,0.0004585862486
0,0,0,0,18.53448276,0.01941929807
