Cervical,Thoracic,Lumbar,Sacral,Caudal,variance,varianceRatio
1,0,0,0,0,0,0
0,1,0,0,0,0.7158145065,0.008516606777
0,0,1,0,0,1.455410226,0.0173161573
0,0,0,1,0,0.9809750297,0.01167142955
