Cervical,Thoracic,Lumbar,Sacral,Caudal,variance,varianceRatio
1,0,0,0,0,0.008609693878,0.000229274411
0,1,0,0,0,0.5647321429,0.01503870303
0,0,1,0,0,0.2203443878,0.005867726592
0,0,0,1,0,0.2487244898,0.006623482983
