Cervical,Thoracic,Lumbar,Sacral,Caudal,varianceRatio
1,0,0,0,0,0.009964029695
0,1,0,0,0,0.009527012562
0,0,0,0,1,0.09014664541
