Cervical,Thoracic,Lumbar,Sacral,Caudal,varianceRatio
1,0,0,0,0,0.0003164128011
0,1,0,0,0,0.0002369530454
0,0,1,0,0,0.0002365626333
0,0,0,1,0,0.0001943052247
0,0,0,0,1,0.009964029695
