Cervical,Thoracic,Lumbar,Sacral,Caudal,varianceRatio
-0.04208643883,-0.0790074698,0.0531580539,0.994434946,-0.01612174851,0.06025208519
0.9833388001,-0.1791994946,-0.01176141315,0.02795020806,-0.003577762803,0.002341114723
0.1765860508,0.9802457487,0.02970004174,0.08364319406,-0.007573795542,0.001089605639
