Cervical,Thoracic,Lumbar,Sacral,Caudal,std,outside_std,totalVar,constraintRatio,constraintThresholdLocal,span
1,0,0,0,0,0.09278843611976127,5.216351308040256,37.55191798941799,10,0.1,1
0,0,1,0,0,0.46940855100338985,2.601894842385705,37.55191798941799,10,0.1,1
0,0,0,1,0,0.4987228587060336,5.564456584728947,37.55191798941799,10,0.1,1
0,1,0,0,0,0.751486621875029,50.424468510629566,37.55191798941799,10,0.1,1
0,1,0,0,-1,5.894994201239986,41.153642418636316,37.55191798941799,10,0.1,1
