Cervical,Thoracic,Lumbar,Sacral,Caudal,varianceRatio
7.982142857,0,0,0,0,0.009964029695
0,9.375,0,0,0,0.009527012562
0,0,0,0,21.21428571,0.09014664541
