Cervical,Thoracic,Lumbar,Sacral,Caudal,varianceRatio
1,0,0,0,0,0.0003164128011
0,1,0,0,0,0.0002221057738
0,0,1,0,0,0.03254786552
0,0,0,1,0,0.008032912421
0,0,0,0,1,0.09014664541
