Cervical,Thoracic,Lumbar,Sacral,Caudal,varianceRatio
7.982142857,0,0,0,0,0.0003164128011
0,9.375,0,0,0,0.0002221057738
0,0,0.1964285714,0,0,0.03254786552
0,0,0,2.464285714,0,0.008032912421
0,0,0,0,21.21428571,0.09014664541
