Cervical,Thoracic,Lumbar,Sacral,Caudal,varianceRatio
7.982142857,0,0,0,0,0.0003164128011
0,9.375,0,0,0,0.0002369530454
0,0,0.1964285714,0,0,0.0002365626333
0,0,0,2.464285714,0,0.0001943052247
0,0,0,0,21.21428571,0.009964029695
