Cervical,Thoracic,Lumbar,Sacral,Caudal,constantValue,varianceRatio
0.01613619702,0.002070297644,0.07023176257,0.05746385594,1,21.51789907,0.0941451317
0.004308221068,-0.001411978041,1,-0.025883036,-0.001102002676,0.1304187178,0.03266376183
-0.04562321058,-0.008833057512,0.1143902674,1,-0.004602514444,1.942135276,0.008592125659
1,-0.01879458949,-0.0237428401,0.02636706724,-0.0009581813688,7.845928662,0.0002687341959
1,0.5725030607,0.3338696969,0.4393940504,-0.01129526791,14.25811204,0.000175077645
