Cervical,Thoracic,Lumbar,Sacral,Caudal,varianceRatio
7.98,0,0,0,0,0.01009734341
0,9.46,0,0,0,0.009645765239
0,0,0,0,21.68,0.09525248713
