Cervical,Thoracic,Lumbar,Sacral,Caudal,varianceRatio
-0.04606414762,-0.06390142232,0.060332315,0.9948848471,-0.01894347574,0.05679204961
0.997472192,-0.05539791542,-0.00915654593,0.04305678275,-0.006524441429,0.002412723995
0.05286040413,0.9959097389,0.03516849096,0.06428609092,0.0002130512358,0.0005835905089
