Cervical,Thoracic,Lumbar,Sacral,Caudal,varianceRatio
1,0,0,0,0,0.01009734341
0,1,0,0,0,0.009645765239
0,0,0,0,1,0.09525248713
