Cervical,Thoracic,Lumbar,Sacral,Caudal,varianceRatio
7.98,0,0,0,0,0.0003556356482
0,9.46,0,0,0,0.0001621195268
0,0,0.22,0,0,0.0001423551478
0,0,0,2.48,0,0.0001209622165
0,0,0,0,21.68,0.01009734341
