Cervical,Thoracic,Lumbar,Sacral,Caudal,std,outside_std,totalVar,constraintRatio,constraintThresholdLocal,span
1,0,0,0,0,0.09797958971132713,5.195567277167285,39.30916666666666,10,0.1,1
0,0,1,0,0,0.4915282290977803,2.5950309039814727,39.30916666666666,10,0.1,1
0,1,0,0,0,0.6151422599691879,50.24316410707097,39.30916666666666,10,0.1,1
0,1,0,1,0,0.6216108107168021,48.62205551904488,39.30916666666666,10,0.1,1
0,1,0,-1,1,6.092158894841795,66.74903190514578,39.30916666666666,10,0.1,1
