Cervical,Thoracic,Lumbar,Sacral,Caudal,variance,varianceRatio
1,0,0,0,0,0.0096,0.0002442178457
0,1,0,0,0,0.3784,0.009626253418
0,0,1,0,0,0.2416,0.006146149117
0,0,0,1,0,0.2496,0.006349663988
