Cervical,Thoracic,Lumbar,Sacral,Caudal,varianceRatio
7.98,0,0,0,0,0.0003556356482
0,9.46,0,0,0,0.0001498984577
0,0,0.22,0,0,0.03587664816
0,0,0,2.48,0,0.008104382748
0,0,0,0,21.68,0.09525248713
