Cervical,Thoracic,Lumbar,Sacral,Caudal,varianceRatio
1,0,0,0,0,0.0003556356482
0,1,0,0,0,0.0001498984577
0,0,1,0,0,0.03587664816
0,0,0,1,0,0.008104382748
0,0,0,0,1,0.09525248713
