Cervical,Thoracic,Lumbar,Sacral,Caudal,constantValue,varianceRatio
0.005155776493,-0.001656064931,1,-0.02885696902,0.003236739054,0.2440839417,0.03593314813
-0.04991260831,-0.007140966415,0.1297697755,1,-0.005405629121,1.925499155,0.008816538612
1,-0.005727853021,-0.01822246893,0.04004245868,-0.001722589886,7.983765116,0.0003090482046
0.5146491506,1,0.6796899558,0.5806009697,0.0005462660272,15.16816546,9.200539627e-05
