Cervical,Thoracic,Lumbar,Sacral,Caudal,varianceRatio
1,0,0,0,0,0.0003556356482
0,1,0,0,0,0.0001621195268
0,0,1,0,0,0.0001423551478
0,0,0,1,0,0.0001209622165
0,0,0,0,1,0.01009734341
