Cervical,Thoracic,Lumbar,Sacral,Caudal,varianceRatio
1,0,0,0,0,0
0,6.979166667,0,0,0,8.278385325e-06
0,0,0,0,0,8.434733894e-06
0,0,0,1,0,9.006015325e-06
0,0,0,0,2.96875,2.37315657e-05
