Cervical,Thoracic,Lumbar,Sacral,Caudal,varianceRatio
0,0.999991966,0,-8.077935669e-28,0.004008470609,0.04476752031
0,8.077935669e-28,-2.09779192e-13,1,1.893266173e-29,6.439837643e-29
-0,1.377674296e-26,1,2.09779192e-13,1.064173265e-26,0
1,0,0,0,0,0
