Cervical,Thoracic,Lumbar,Sacral,Caudal,varianceRatio
1,0,0,0,0,0
0,6.979166667,0,0,0,7.670654841e-06
0,0,0,0,0,0
0,0,0,1,0,0
0,0,0,0,2.96875,0.000177219306
