Cervical,Thoracic,Lumbar,Sacral,Caudal,constantValue,varianceRatio
-0,-0.001569791882,0,-1.333784801e-28,1,2.957794161,0.0001813748854
0,1,0,-7.265819376e-27,0.01023581214,7.009554234,7.772087738e-06
0,8.980896104e-29,-4.489094916e-13,1,5.374908446e-30,1,1.212543273e-32
-0,7.157633515e-28,1,9.803158591e-14,1.411807094e-27,9.803158591e-14,0
1,0,0,0,0,1,0
