Cervical,Thoracic,Lumbar,Sacral,Caudal,varianceRatio
1,0,0,0,0,2.37315657e-05
0,1,0,0,0,2.213928929e-05
0,0,1,0,0,0.0002389004154
0,0,0,1,0,0.0002348974334
0,0,0,0,1,0.000177219306
