Cervical,Thoracic,Lumbar,Sacral,Caudal,std,outside_std,totalVar,constraintRatio,constraintThresholdLocal,span
1,0,1,1,0,0.0,9.780015595901263,0.0889849290780142,10,0.1,1
0,0,1,1,0,0.0,5.30425963797903,0.0889849290780142,10,0.1,1
1,0,0,1,0,0.0,10.098371315297245,0.0889849290780142,10,0.1,1
1,1,1,1,0,0.1428261375083551,47.5928103703958,0.0889849290780142,10,0.1,1
1,0,1,1,1,0.2583249326591093,15.408680102735296,0.0889849290780142,10,0.1,1
