Cervical,Thoracic,Lumbar,Sacral,Caudal,varianceRatio
-0,-0.004008470609,0,-3.786532345e-29,0.999991966,0.9552324797
