Cervical,Thoracic,Lumbar,Sacral,Caudal,variance,varianceRatio
0,1,0,0,0,0.02039930556,0.2292444998
0,0,0,0,1,0.06673177083,0.7499221669
