Cervical,Thoracic,Lumbar,Sacral,Caudal,std,outside_std,totalVar,constraintRatio,constraintThresholdLocal,span
1,1,1,1,0,0.0,47.43327850499819,0.02851605758582503,10,0.1,1
1,0,1,1,0,0.0,9.844263272088908,0.02851605758582503,10,0.1,1
0,1,1,1,0,0.0,48.90981868469263,0.02851605758582503,10,0.1,1
1,1,0,1,0,0.0,47.9837777382679,0.02851605758582503,10,0.1,1
1,1,1,1,1,0.16689186156287586,60.037819161295715,0.02851605758582503,10,0.1,1
