Cervical,Thoracic,Lumbar,Sacral,Caudal,varianceRatio
1,0,0,0,0,7.727170608e-06
0,1,0,0,0,7.232485332e-06
0,0,1,0,0,9.808677426e-05
0,0,0,1,0,9.687644778e-05
0,0,0,0,1,7.413689377e-05
