Cervical,Thoracic,Lumbar,Sacral,Caudal,constantValue,varianceRatio
-0,-8.695611169e-17,-1.617358598e-27,1.689447176e-27,1,2.965116279,7.568205194e-05
0,1.039071553e-05,-1,0.93461687,0,0.934689605,4.83642524e-32
-0,1,0.0007698917186,-0.0007195537846,0,6.999280446,4.002515729e-39
0,-1.060191398e-14,1,0.2336542175,3.744281002e-30,0.2336542175,9.733193866e-64
1,0,0,0,0,1,0
