Cervical,Thoracic,Lumbar,Sacral,Caudal,varianceRatio
0,8.944118591e-05,-0.4472135937,0.8944271874,0,8.076158401e-28
-0,0.999999996,3.99993145e-05,-7.99986286e-05,0,5.672639451e-35
0,-1.8251828e-13,0.894427191,0.4472135955,2.524354897e-29,1.010438241e-59
1,0,0,0,0,0
