Cervical,Thoracic,Lumbar,Sacral,Caudal,constantValue,varianceRatio
0,-1.304341675e-16,0,0,1,2.95,0.0001345571804
-0,1,0,0,0,7,1.23796257e-32
0,0,1,0,0,0,0
0,0,0,1,0,1,0
1,0,0,0,0,1,0
