Cervical,Thoracic,Lumbar,Sacral,Caudal,varianceRatio
1,0,0,0,0,1.342306379e-05
0,1,0,0,0,1.273148168e-05
0,0,1,0,0,0.0001578898091
0,0,0,1,0,0.0001585403035
0,0,0,0,1,0.0001281776302
