Cervical,Thoracic,Lumbar,Sacral,Caudal,std,outside_std,totalVar,constraintRatio,constraintThresholdLocal,span
1,1,1,1,0,0.0,46.678376936927094,0.04999999999999998,10,0.1,1
1,0,1,1,0,0.0,10.06972811596614,0.04999999999999998,10,0.1,1
0,1,1,1,0,0.0,47.827321366916415,0.04999999999999998,10,0.1,1
1,1,0,1,0,0.0,47.13367887810727,0.04999999999999998,10,0.1,1
1,1,1,1,1,0.21794494717703367,59.48685073195667,0.04999999999999998,10,0.1,1
