Cervical,Thoracic,Lumbar,Sacral,Caudal,constantValue,varianceRatio
0.09607399648,-0.01780759932,-2.780222925e-15,1,0.01238383119,-1.773962832,0.03643887855
1,-0.003382276303,2.076498518e-16,-0.08777527822,0.001491126734,1.975209539,0.01532101936
0,-1.914716686e-17,1,5.835638246e-16,1.068684546e-17,-2.617835138e-15,3.192296755e-36
