Cervical,Thoracic,Lumbar,Sacral,Caudal,varianceRatio
2.571428571,0,0,0,0,0.01332454547
0,0,0,0,0,0
0,0,0,0.5714285714,0,0.05009287783
