Cervical,Thoracic,Lumbar,Sacral,Caudal,std,outside_std,totalVar,constraintRatio,constraintThresholdLocal,span
0,0,1,0,0,0.0,2.580756750891406,2280.304761904762,10,0.1,1
1,0,0,0,0,0.5832118435198044,5.052427999059387,2280.304761904762,10,0.1,1
0,0,0,1,0,1.2177820811947069,5.441035859269062,2280.304761904762,10,0.1,1
