Cervical,Thoracic,Lumbar,Sacral,Caudal,variance,varianceRatio
1,0,0,0,0,0.3401360544,0.0001491625418
0,0,0,1,0,1.482993197,0.0006503486824
