Cervical,Thoracic,Lumbar,Sacral,Caudal,varianceRatio
0.08758115014,-0.1574022453,-1.276756478e-15,0.9827087656,0.04286674007,0.01181322745
0.9950071876,-0.03263142663,1.040834086e-16,-0.09414959913,0.005633799945,0.003566360094
0,-3.685374443e-16,1,1.24877657e-15,8.055388921e-17,9.149375206e-37
