Cervical,Thoracic,Lumbar,Sacral,Caudal,variance,varianceRatio
0,1,0,0,0,1101.197279,0.4829167124
0,0,0,0,1,1068.698413,0.4686647287
