Cervical,Thoracic,Lumbar,Sacral,Caudal,varianceRatio
3.519605882,0,0,0,0,0.01738684715
0,20.44617647,0,0,0,0.02360688196
0,0,0,2.117647059,0,0.0128074062
