Cervical,Thoracic,Lumbar,Sacral,Caudal,variance,varianceRatio
1,0,0,0,0,0.4587613611,0.001243338812
0,0,1,0,0,2.114403114,0.005730472699
0,0,0,1,0,0.3979238754,0.001078456558
