Cervical,Thoracic,Lumbar,Sacral,Caudal,constantValue,varianceRatio
-0.4568708256,0.1881473417,0.1451163836,-1,-0.0008072085876,0.2479633147,0.01930625559
1,0.01512782088,-0.02162525898,-0.1633983186,-0.01630430833,2.785768594,0.02250843243
0.0910989541,0.06798464987,0.02796306582,1,-0.009556548713,3.464517992,0.008575584333
