Cervical,Thoracic,Lumbar,Sacral,Caudal,varianceRatio
-0.2106427853,0.8411084763,0.0337049178,-0.4970192447,-0.001413186835,0.02700858107
0.9728961996,0.1427064627,-0.01059867285,-0.171369738,-0.06023231194,0.0120808798
0.07187557364,0.5200912636,0.01111415324,0.8505267466,-0.0286305478,0.005803119458
