Cervical,Thoracic,Lumbar,Sacral,Caudal,varianceRatio
1,0,0,0,0,0.01738684715
0,1,0,0,0,0.02360688196
0,0,0,1,0,0.0128074062
