Cervical,Thoracic,Lumbar,Sacral,Caudal,varianceRatio
3.519605882,0,0,0,0,0.01738684715
0,20.44617647,0,0,0,0.0247774507
0,0,1.102941176,0,0,0.02501518313
0,0,0,2.117647059,0,0.02408496376
