Cervical,Thoracic,Lumbar,Sacral,Caudal,std,outside_std,totalVar,constraintRatio,constraintThresholdLocal,span
0,0,0,1,0,0.6308120761625652,5.57403134913893,368.9753403150446,10,0.1,1
1,0,0,0,0,0.6773192461032452,5.136685759427539,368.9753403150446,10,0.1,1
1,0,-1,0,0,1.566731642414412,5.881295028877512,368.9753403150446,10,0.1,1
1,1,1,0,0,7.772322834264838,49.14156554240009,368.9753403150446,10,0.1,1
1,-1,-1,0,-1,19.583678402067513,66.58408597845194,368.9753403150446,10,0.1,1
