Cervical,Thoracic,Lumbar,Sacral,Caudal,varianceRatio
1,0,0,0,0,0.01738684715
0,1,0,0,0,0.0247774507
0,0,1,0,0,0.02501518313
0,0,0,1,0,0.02408496376
