Cervical,Thoracic,Lumbar,Sacral,Caudal,varianceRatio
0.01461699239,0.167454869,-1.110223025e-16,0.01356365075,0.9856780599,0.008311330428
0.01025532579,0.9855120678,-2.220446049e-16,-0.02645844986,-0.1672146614,0.001241369355
-0,-1.329521413e-30,1,1.280964493e-30,-9.739560764e-32,2.373575058e-31
