Cervical,Thoracic,Lumbar,Sacral,Caudal,varianceRatio
0,6.769503546,0,0,0,0.0003118495748
0,0,0,0,0,0
0,0,0,0,6.808510638,0.001612206211
