Cervical,Thoracic,Lumbar,Sacral,Caudal,std,outside_std,totalVar,constraintRatio,constraintThresholdLocal,span
0,0,1,0,0,0.0,2.6398797823341495,7.130897317521893,10,0.1,1
0,0,0,0,1,0.7959551434046761,19.823407037339848,7.130897317521893,10,0.1,1
0,1,0,0,-1,1.0205991645977752,42.59493351331888,7.130897317521893,10,0.1,1
0,1,0,-1,-1,1.4901129479840143,43.77367676830705,7.130897317521893,10,0.1,1
1,1,0,-1,-1,1.9597324510080394,42.52767020855402,7.130897317521893,10,0.1,1
