Cervical,Thoracic,Lumbar,Sacral,Caudal,varianceRatio
1,0,0,0,0,0.002177409921
0,1,0,0,0,0.001178129767
0,0,1,0,0,0.007628564646
0,0,0,1,0,0.00769361404
0,0,0,0,1,0.001612206211
