Cervical,Thoracic,Lumbar,Sacral,Caudal,varianceRatio
0,1,0,0,0,0.001385998704
0,0,1,0,0,0.001408032599
0,0,0,1,0,0.003409771183
0,0,0,0,1,0.002177409921
