Cervical,Thoracic,Lumbar,Sacral,Caudal,constantValue,varianceRatio
1,-0.0001121314674,-1.231429864e-30,0.4466906417,-0.005601776303,19.35149091,0.0954519333
0.05630974724,0.06653077405,-8.490086678e-16,0.04847101489,1,8.660838386,0.001373339293
0.1008993284,1,-4.336660024e-15,-0.2414811123,-0.4332639161,1.965568307,0.0002902179956
-0,-6.907457773e-32,1,5.986055126e-31,-1.292118627e-32,7.404605055e-30,4.612338308e-32
