Cervical,Thoracic,Lumbar,Sacral,Caudal,varianceRatio
13.45035461,0,0,0,0,0.002177409921
0,6.769503546,0,0,0,0.001178129767
0,0,0,0,0,0.007628564646
0,0,0,13.29787234,0,0.00769361404
0,0,0,0,6.808510638,0.001612206211
