Cervical,Thoracic,Lumbar,Sacral,Caudal,varianceRatio
0,6.769503546,0,0,0,0.001385998704
0,0,0,0,0,0.001408032599
0,0,0,13.29787234,0,0.003409771183
0,0,0,0,6.808510638,0.002177409921
