Cervical,Thoracic,Lumbar,Sacral,Caudal,constantValue,varianceRatio
1,0.001737308269,0,0.0835645803,0.005658418823,14.1314999,0.03757952635
-0.07845724658,-0.01246750117,0,-0.01125035173,1,5.923768998,0.001612910162
-0.1527636975,1,0,-0.1763223802,0.08030308582,3.124894928,0.0001606197158
-0,-6.560816342e-18,1,9.686252931e-19,1.237502461e-17,5.659563242e-17,1.828879314e-36
