Cervical,Thoracic,Lumbar,Sacral,Caudal,varianceRatio
13,0,0,0,0,0.001624618566
0,6.811594203,0,0,0,0.001265347074
0,0,0,0,0,0.01044461999
0,0,0,12.91304348,0,0.01056903273
0,0,0,0,7.173913043,0.001526136948
