Cervical,Thoracic,Lumbar,Sacral,Caudal,varianceRatio
1,0,0,0,0,0.04124717908
0,1,0,0,0,0.0007443918349
0,0,1,0,0,0.0007551852242
0,0,0,1,0,0.002326389916
0,0,0,0,1,0.001624618566
