Cervical,Thoracic,Lumbar,Sacral,Caudal,varianceRatio
1,0,0,0,0,0.001624618566
0,1,0,0,0,0.001265347074
0,0,1,0,0,0.01044461999
0,0,0,1,0,0.01056903273
0,0,0,0,1,0.001526136948
