Cervical,Thoracic,Lumbar,Sacral,Caudal,varianceRatio
1,0,0,0,0,0.04124717908
0,1,0,0,0,0.0002046383022
0,0,1,0,0,0
0,0,0,0,1,0.001526136948
