Cervical,Thoracic,Lumbar,Sacral,Caudal,varianceRatio
13,0,0,0,0,0.04124717908
0,6.811594203,0,0,0,0.0007443918349
0,0,0,0,0,0.0007551852242
0,0,0,12.91304348,0,0.002326389916
0,0,0,0,7.173913043,0.001624618566
