Cervical,Thoracic,Lumbar,Sacral,Caudal,std,outside_std,totalVar,constraintRatio,constraintThresholdLocal,span
0,0,1,0,0,0.0,2.5852327575256355,5.120333772301274,10,0.1,1
0,1,0,0,0,0.7161092335379624,50.05941978251346,5.120333772301274,10,0.1,1
0,0,0,0,1,0.7605589428059089,19.468662830979085,5.120333772301274,10,0.1,1
1,-1,0,0,-1,1.2852874669285321,65.68115620383551,5.120333772301274,10,0.1,1
1,-1,0,1,-1,1.7841397929578229,68.07924652349465,5.120333772301274,10,0.1,1
