Cervical,Thoracic,Lumbar,Sacral,Caudal,varianceRatio
13,0,0,0,0,0.04124717908
0,6.811594203,0,0,0,0.0002046383022
0,0,0,0,0,0
0,0,0,0,7.173913043,0.001526136948
