Cervical,Thoracic,Lumbar,Sacral,Caudal,varianceRatio
-0.02064703236,-0.03181300942,0,-0.003191616626,0.9992754606,0.01146935108
-0.01574227833,0.9991902453,0,-0.01958731499,0.03142246897,0.001257398558
-0,-1.262801178e-16,1,2.072775111e-18,9.327882253e-17,1.33446248e-35
