Cervical,Thoracic,Lumbar,Sacral,Caudal,variance,varianceRatio
1,0,0,0,0,1.009661836,0.1971867227
0,1,0,0,0,0.5128124344,0.1001521497
0,0,0,1,0,2.796786389,0.5462117342
0,0,0,0,1,0.5784499055,0.1129711326
