Cervical,Thoracic,Lumbar,Sacral,Caudal,varianceRatio
7.02247191,0,0,0,0,0.001353377918
0,13.73314607,0,0,0,0.001357283268
0,0,0,3.488764045,0,0.05166887608
