Cervical,Thoracic,Lumbar,Sacral,Caudal,variance,varianceRatio
1,0,0,0,0,0.04443883348,0.0007182552445
0,1,0,0,0,4.114884484,0.06650798704
0,0,1,0,0,1.898308294,0.03068194598
0,0,0,1,0,1.87066027,0.03023507695
