Cervical,Thoracic,Lumbar,Sacral,Caudal,varianceRatio
7.02247191,0,0,0,0,0.01097270677
0,13.73314607,0,0,0,0.01054066608
