Cervical,Thoracic,Lumbar,Sacral,Caudal,std,outside_std,totalVar,constraintRatio,constraintThresholdLocal,span
1,0,0,0,0,0.21080520268869346,5.730226410262002,61.87053115423901,10,0.1,1
0,0,0,1,0,1.3677208304942599,6.01704076673868,61.87053115423901,10,0.1,1
0,1,1,0,0,1.5210512049516407,55.03042550880923,61.87053115423901,10,0.1,1
0,0,1,1,0,1.5555103415515774,5.9404866425691045,61.87053115423901,10,0.1,1
0,1,1,-1,-1,6.686493158505629,46.56409469621052,61.87053115423901,10,0.1,1
