Cervical,Thoracic,Lumbar,Sacral,Caudal,varianceRatio
1,0,0,0,0,0.001353377918
0,1,0,0,0,0.001357283268
0,0,0,1,0,0.05166887608
