Cervical,Thoracic,Lumbar,Sacral,Caudal,varianceRatio
7.02247191,0,0,0,0,0.001353377918
0,13.73314607,0,0,0,0.001491165922
0,0,5.828651685,0,0,0.000817624362
0,0,0,3.488764045,0,0.001675432518
0,0,0,0,17.98876404,0.01097270677
