Cervical,Thoracic,Lumbar,Sacral,Caudal,varianceRatio
0.02187785355,0.01759172445,0.1010761129,0.9176085382,0.3833928543,0.0727620859
0.9960884592,-0.08490777361,0.008906951832,-0.02277029279,-0.0007946633821,0.003239712421
0.08385774768,0.9948751383,0.05069185469,-0.02111762273,-0.01325591091,0.001852678253
