Cervical,Thoracic,Lumbar,Sacral,Caudal,varianceRatio
1,0,0,0,0,0.001353377918
0,1,0,0,0,0.001491165922
0,0,1,0,0,0.000817624362
0,0,0,1,0,0.001675432518
0,0,0,0,1,0.01097270677
