Cervical,Thoracic,Lumbar,Sacral,Caudal,constantValue,varianceRatio
0.02570202297,0.002131425954,0.2357151332,1,0.1186167346,7.206196821,0.04274095996
1,-0.008791212632,0.017750375,-0.02120560483,-0.0002100993197,6.927440877,0.001265083155
0.8172884774,1,0.9807237688,-0.1909225239,-0.03402366646,23.91070135,0.0007956144333
