Cervical,Thoracic,Lumbar,Sacral,Caudal,varianceRatio
0,6.32,0,0,0,0.0001027446999
0,0,0,0,0,0
0,0,0,0,6.735,0.002746751153
