Cervical,Thoracic,Lumbar,Sacral,Caudal,varianceRatio
0,1,0,0,0,0.004141937377
0,0,1,0,0,0.004200229545
0,0,0,1,0,0.01073971177
0,0,0,0,1,0.008073117994
