Cervical,Thoracic,Lumbar,Sacral,Caudal,varianceRatio
0,6.32,0,0,0,0.004141937377
0,0,0,0,0,0.004200229545
0,0,0,16.85,0,0.01073971177
0,0,0,0,6.735,0.008073117994
