Cervical,Thoracic,Lumbar,Sacral,Caudal,varianceRatio
16.65666667,0,0,0,0,0.008073117994
0,6.32,0,0,0,0.001783086255
0,0,0,0,0,0.01801177096
0,0,0,16.85,0,0.01826583879
0,0,0,0,6.735,0.002746751153
