Cervical,Thoracic,Lumbar,Sacral,Caudal,varianceRatio
1,0,0,0,0,0.008073117994
0,1,0,0,0,0.001783086255
0,0,1,0,0,0.01801177096
0,0,0,1,0,0.01826583879
0,0,0,0,1,0.002746751153
