Cervical,Thoracic,Lumbar,Sacral,Caudal,constantValue,varianceRatio
-0.4343395252,0.01187039904,1.698099745e-15,0.4366719179,1,6.933294048,0.001592361514
-0.03351439243,1,-9.821170204e-14,0.006503407661,-0.0786392779,5.341708819,0.0001022720755
0,2.668447894e-16,1,-1.668082862e-17,-1.243050729e-17,1.32166764e-15,6.436025253e-37
