Cervical,Thoracic,Lumbar,Sacral,Caudal,std,outside_std,totalVar,constraintRatio,constraintThresholdLocal,span
0,0,1,0,0,0.0,2.5785236273137144,14.602160816370763,10,0.1,1
0,1,0,0,0,0.5055689863905816,49.87704445223464,14.602160816370763,10,0.1,1
0,0,0,0,1,1.0169931169875241,19.404763581113578,14.602160816370763,10,0.1,1
1,0,0,-1,-1,1.2079953548574687,19.067235255324405,14.602160816370763,10,0.1,1
0,0,0,1,-1,1.9573642992555065,21.84259051301931,14.602160816370763,10,0.1,1
