Cervical,Thoracic,Lumbar,Sacral,Caudal,varianceRatio
0.8678263498,0.003803472338,0,0.4954180937,0.03773423731,0.9418282803
