Cervical,Thoracic,Lumbar,Sacral,Caudal,varianceRatio
11.625,0,0,0,0,0.0007142396409
0,6.145833333,0,0,0,0.0004985578519
0,0,0,0,0,0.004653338204
0,0,0,9.5,0,0.004696154944
0,0,0,0,6.385416667,0.001045943387
