Cervical,Thoracic,Lumbar,Sacral,Caudal,varianceRatio
1,0,0,0,0,0.0007142396409
0,1,0,0,0,0.0004985578519
0,0,1,0,0,0.004653338204
0,0,0,1,0,0.004696154944
0,0,0,0,1,0.001045943387
