Cervical,Thoracic,Lumbar,Sacral,Caudal,varianceRatio
11.625,0,0,0,0,0.01327971215
0,6.145833333,0,0,0,9.528107323e-05
0,0,0,0,0,0
0,0,0,9.5,0,0.02766617186
0,0,0,0,6.385416667,0.001045943387
