Cervical,Thoracic,Lumbar,Sacral,Caudal,varianceRatio
-0.0618746858,0.08386122237,1.110223025e-16,-0.03906822595,0.9937869452,0.02277470407
0.01470208592,0.9964277311,2.220446049e-16,0.0002226170912,-0.0831599406,0.002170362992
-0,-5.430968624e-17,1,-3.669183967e-18,1.088498876e-17,9.779319971e-36
