Cervical,Thoracic,Lumbar,Sacral,Caudal,std,outside_std,totalVar,constraintRatio,constraintThresholdLocal,span
0,0,1,0,0,0.0,2.5874755929863773,1.8853034420289854,10,0.1,1
0,1,0,0,0,0.48902894142939596,50.099252015842595,1.8853034420289854,10,0.1,1
0,1,0,0,-1,0.7125335031109453,41.271966576972474,1.8853034420289854,10,0.1,1
1,1,0,0,-1,0.7772117856300316,40.46405574035137,1.8853034420289854,10,0.1,1
0,1,0,1,-1,1.0395290566993411,40.595983884571154,1.8853034420289854,10,0.1,1
