Cervical,Thoracic,Lumbar,Sacral,Caudal,varianceRatio
1,0,0,0,0,0.01327971215
0,1,0,0,0,9.528107323e-05
0,0,1,0,0,0
0,0,0,1,0,0.02766617186
0,0,0,0,1,0.001045943387
