Cervical,Thoracic,Lumbar,Sacral,Caudal,varianceRatio
1,0,0,0,0,0.01327971215
0,1,0,0,0,0.0002188104382
0,0,1,0,0,0.000222041065
0,0,0,1,0,0.0007232054775
0,0,0,0,1,0.0007142396409
