Cervical,Thoracic,Lumbar,Sacral,Caudal,varianceRatio
11.625,0,0,0,0,0.01327971215
0,6.145833333,0,0,0,0.0002188104382
0,0,0,0,0,0.000222041065
0,0,0,9.5,0,0.0007232054775
0,0,0,0,6.385416667,0.0007142396409
