Cervical,Thoracic,Lumbar,Sacral,Caudal,constantValue,varianceRatio
0.3059655866,3.803921228e-05,0,1,0.01616931749,13.16033156,0.02124613819
1,-0.001068710936,0,-0.2660256513,0.01365806406,9.178400623,0.02521566822
-0.2364179058,0.03304667636,8.420811126e-16,-0.1384748832,1,2.524646486,0.000828370966
0.1430651687,1,4.289152795e-15,0.002009525012,-0.2131122815,6.467245693,0.0001029890577
-0,-2.821630856e-18,1,-1.714640617e-18,1.444079161e-18,-2.440931169e-17,4.187681248e-37
