Cervical,Thoracic,Lumbar,Sacral,Caudal,variance,varianceRatio
1,0,0,0,0,0.3385416667,0.1795687947
0,1,0,0,0,0.2391493056,0.1268492383
0,0,0,1,0,0.8333333333,0.4420154946
0,0,0,0,1,0.3957248264,0.2098998058
