Cervical,Thoracic,Lumbar,Sacral,Caudal,std,outside_std,totalVar,constraintRatio,constraintThresholdLocal,span
0,0,1,0,0,0.0,2.5919708036351845,2111.1973076923073,10,0.1,1
1,0,0,0,0,0.6308161333406432,5.055680894722655,2111.1973076923073,10,0.1,1
0,0,0,1,0,1.117372234333381,5.437137985733049,2111.1973076923073,10,0.1,1
