Cervical,Thoracic,Lumbar,Sacral,Caudal,variance,varianceRatio
1,0,0,0,0,0.3979289941,0.0001884849856
0,0,0,1,0,1.24852071,0.0005913804008
