Cervical,Thoracic,Lumbar,Sacral,Caudal,varianceRatio
2.576923077,0,0,0,0,0.01556848224
0,0,0,0,0,0
0,0,0,0.4615384615,0,0.0422333023
