Cervical,Thoracic,Lumbar,Sacral,Caudal,constantValue,varianceRatio
0.1171798515,-0.01006776852,2.400254955e-16,1,0.007467547008,-0.745932579,0.03408933323
1,-0.003735983081,-0,-0.103990034,0.001205462231,1.875165186,0.01862306728
-0,3.03575211e-18,1,-7.468394086e-17,1.397961313e-17,1.391430497e-15,1.897407665e-34
