Cervical,Thoracic,Lumbar,Sacral,Caudal,varianceRatio
0.1075925338,-0.08963201805,1.110223025e-16,0.9898040689,0.0260356128,0.0131260998
0.993121648,-0.03597560533,-0,-0.1113305133,0.00454586677,0.004850413724
-0,5.843101136e-17,1,-1.598172326e-16,1.053736775e-16,6.378653152e-35
