Cervical,Thoracic,Lumbar,Sacral,Caudal,variance,varianceRatio
0,1,0,0,0,1127.734098,0.5341680257
0,0,0,0,1,900.6168639,0.4265905705
