Cervical,Thoracic,Lumbar,Sacral,Caudal,constantValue,varianceRatio
-0.02590427103,0.008617959642,1.93673651e-13,1,-0.006203837391,1.017321149,0.001042410235
1,0.0002178884166,-1.797800846e-11,0.0220657214,-0.0009542632544,1.021768459,0.0001440397341
4.560780765e-12,6.469909621e-16,1,5.856002939e-14,-4.092467498e-15,4.616432365e-12,0
