Cervical,Thoracic,Lumbar,Sacral,Caudal,std,outside_std,totalVar,constraintRatio,constraintThresholdLocal,span
0,0,1,0,0,0.0,2.7146611222279162,1039.2871331061347,10,0.1,1
1,0,0,0,0,0.05589722067296106,4.476559686834608,1039.2871331061347,10,0.1,1
0,0,0,1,0,0.31416895306305964,5.527376403394093,1039.2871331061347,10,0.1,1
0,0,0,0,1,12.182386070213166,19.883244806419455,1039.2871331061347,10,0.1,1
