Cervical,Thoracic,Lumbar,Sacral,Caudal,varianceRatio
-0.02394544429,0.07724257455,9.018737087e-14,0.996486838,-0.02177572267,0.001270350204
0.9997084222,0.00211206974,-9.053960473e-12,0.02377998213,-0.003622448323,0.0001528038881
9.053479731e-12,1.245303796e-14,1,1.25313444e-13,-3.084765982e-14,0
