Cervical,Thoracic,Lumbar,Sacral,Caudal,varianceRatio
1.006329114,0,0,0,0,0.0001559163538
0,0,0,0,0,0
0,0,0,0.9493670886,0,0.003230639132
