Cervical,Thoracic,Lumbar,Sacral,Caudal,variance,varianceRatio
1,0,0,0,0,0.003124499279,3.006386955e-06
0,0,0,1,0,0.09870213107,9.497099302e-05
