Cervical,Thoracic,Lumbar,Sacral,Caudal,variance,varianceRatio
0,1,0,0,0,877.6192428,0.8444434794
0,0,0,0,1,148.4105304,0.1428003154
