Cervical,Thoracic,Lumbar,Sacral,Caudal,varianceRatio
0,1,0,0,0,0.0003020915838
0,0,1,0,0,0
0,0,0,1,0,0.0954448334
0,0,0,0,1,0.001610230041
