Cervical,Thoracic,Lumbar,Sacral,Caudal,varianceRatio
0,6.927350427,0,0,0,0.001145818992
0,0,0,0,0,0.001163438813
0,0,0,13.35897436,0,0.002710609788
0,0,0,0,6.948717949,0.001680217249
