Cervical,Thoracic,Lumbar,Sacral,Caudal,varianceRatio
13.38888889,0,0,0,0,0.001680217249
0,6.927350427,0,0,0,0.001070799381
0,0,0,0,0,0.007262751234
0,0,0,13.35897436,0,0.007334837895
0,0,0,0,6.948717949,0.001610230041
