Cervical,Thoracic,Lumbar,Sacral,Caudal,varianceRatio
0,1,0,0,0,0.001145818992
0,0,1,0,0,0.001163438813
0,0,0,1,0,0.002710609788
0,0,0,0,1,0.001680217249
