Cervical,Thoracic,Lumbar,Sacral,Caudal,varianceRatio
0.01569049031,0.1130543199,1.559269846e-30,0.02632841794,0.993115977,0.00882419861
0.01121445351,0.9933308499,5.871360234e-30,-0.0217062628,-0.1126805076,0.001464065934
-0,-1.297362081e-16,1,-3.156351213e-19,8.8432573e-17,5.957930511e-31
