Cervical,Thoracic,Lumbar,Sacral,Caudal,std,outside_std,totalVar,constraintRatio,constraintThresholdLocal,span
0,0,1,0,0,0.0,2.6214848664263273,6.558217124284675,10,0.1,1
0,0,0,0,1,0.790933170009599,19.710417656634785,6.558217124284675,10,0.1,1
0,1,0,0,-1,1.0802417999629061,42.12141119802343,6.558217124284675,10,0.1,1
0,1,0,-1,-1,1.515329417959491,43.342297718317575,6.558217124284675,10,0.1,1
1,1,0,-1,-1,2.0544402324623854,42.06040603116945,6.558217124284675,10,0.1,1
