Cervical,Thoracic,Lumbar,Sacral,Caudal,varianceRatio
0,6.927350427,0,0,0,0.0003020915838
0,0,0,0,0,0
0,0,0,13.35897436,0,0.0954448334
0,0,0,0,6.948717949,0.001610230041
