Cervical,Thoracic,Lumbar,Sacral,Caudal,varianceRatio
1,0,0,0,0,0.001680217249
0,1,0,0,0,0.001070799381
0,0,1,0,0,0.007262751234
0,0,0,1,0,0.007334837895
0,0,0,0,1,0.001610230041
