Cervical,Thoracic,Lumbar,Sacral,Caudal,constantValue,varianceRatio
1,-0.0007337267019,-3.25640686e-30,0.2892374095,-0.006124406209,17.20516447,0.0797603731
0.05999253218,0.0445807201,1.18347284e-29,0.09338247901,1,9.308271709,0.001420990709
0.1094674375,1,1.137684657e-28,-0.1965494583,-0.2896643077,3.754503039,0.0002926340479
-0,-6.740375674e-18,1,-1.474989545e-19,1.173208706e-17,3.28595849e-17,1.058916683e-31
