Cervical,Thoracic,Lumbar,Sacral,Caudal,varianceRatio
7.976190476,0,0,0,0,0.0004244695768
0,9.476190476,0,0,0,0.0001806091474
0,0,0.1904761905,0,0,0.0001549524952
0,0,0,2.571428571,0,0.0001135881134
0,0,0,0,22.52380952,0.01035471725
