Cervical,Thoracic,Lumbar,Sacral,Caudal,varianceRatio
-0.04316597846,-0.07587846771,0.03041981524,0.9953804282,0.025915138,0.05453371892
0.9979168525,-0.04898076982,-0.01009314195,0.04004745136,-0.00756107008,0.002780579846
0.0461460084,0.9953552032,0.0352754541,0.07675063243,0.00188365094,0.0005500299966
