Cervical,Thoracic,Lumbar,Sacral,Caudal,varianceRatio
7.976190476,0,0,0,0,0.01035471725
0,9.476190476,0,0,0,0.009874757887
0,0,0,0,22.52380952,0.09941619905
