Cervical,Thoracic,Lumbar,Sacral,Caudal,varianceRatio
1,0,0,0,0,0.0004244695768
0,1,0,0,0,0.000166430045
0,0,1,0,0,0.03735260084
0,0,0,1,0,0.008002589458
0,0,0,0,1,0.09941619905
