Cervical,Thoracic,Lumbar,Sacral,Caudal,varianceRatio
7.976190476,0,0,0,0,0.0004244695768
0,9.476190476,0,0,0,0.000166430045
0,0,0.1904761905,0,0,0.03735260084
0,0,0,2.571428571,0,0.008002589458
0,0,0,0,22.52380952,0.09941619905
