Cervical,Thoracic,Lumbar,Sacral,Caudal,constantValue,varianceRatio
0.004996004677,-0.001734164994,1,-0.01545327283,0.002004114649,0.219295307,0.03818281207
-0.04674902258,-0.00847517622,0.06539790779,1,0.007391350965,2.297175204,0.008964654932
1,-0.005062097305,-0.02007744116,0.03722720948,-0.001995392151,7.975180081,0.0003767954145
0.4495280644,1,0.6821370205,0.6935608812,0.004832395257,15.08392902,9.1070351e-05
