Cervical,Thoracic,Lumbar,Sacral,Caudal,varianceRatio
1,0,0,0,0,0.01035471725
0,1,0,0,0,0.009874757887
0,0,0,0,1,0.09941619905
