Cervical,Thoracic,Lumbar,Sacral,Caudal,varianceRatio
1,0,0,0,0,0.0004244695768
0,1,0,0,0,0.0001806091474
0,0,1,0,0,0.0001549524952
0,0,0,1,0,0.0001135881134
0,0,0,0,1,0.01035471725
