Cervical,Thoracic,Lumbar,Sacral,Caudal,std,outside_std,totalVar,constraintRatio,constraintThresholdLocal,span
1,0,0,0,0,0.10647942749998997,5.168237028583163,40.929761904761904,10,0.1,1
0,1,1,1,0,0.5028264781414971,47.993280368711716,40.929761904761904,10,0.1,1
0,1,1,0,0,0.5841830545897762,49.67391868713084,40.929761904761904,10,0.1,1
0,1,0,1,0,0.595714095390324,48.40577589342301,40.929761904761904,10,0.1,1
0,1,1,1,1,6.13851821661316,61.773231499317134,40.929761904761904,10,0.1,1
