Cervical,Thoracic,Lumbar,Sacral,Caudal,variance,varianceRatio
1,0,0,0,0,0.01133786848,0.0002770079266
0,1,0,0,0,0.4160997732,0.01016619091
0,0,1,0,0,0.2494331066,0.006094174385
0,0,0,1,0,0.2448979592,0.005983371214
