Cervical,Thoracic,Lumbar,Sacral,Caudal,variance,varianceRatio
1,0,0,0,0,26.71170187,0.006131974108
0,0,1,0,0,0.5896900826,0.0001353700463
0,0,0,1,0,36.86880165,0.008463651557
