Cervical,Thoracic,Lumbar,Sacral,Caudal,varianceRatio
0.2378902903,-0.380302259,0.07463899242,0.3128660054,0.8338598714,0.06873669266
-0.5490331402,0.05756071835,0.6372230463,0.5326530601,-0.07400595609,0.01577708362
0.5284867717,0.1057324238,0.7544459985,-0.3734100856,-0.02997549112,0.01143217912
