Cervical,Thoracic,Lumbar,Sacral,Caudal,constantValue,varianceRatio
0.3528820961,0.007281199507,1,-0.2312924756,-0.005271098889,1.829532097,0.04836876101
