Cervical,Thoracic,Lumbar,Sacral,Caudal,std,outside_std,totalVar,constraintRatio,constraintThresholdLocal,span
0,0,1,0,0,0.7679128092723992,3.0771503177598536,4356.134158711087,10,0.1,1
1,0,0,0,0,5.168336470351184,3.0068996032330215,4356.134158711087,10,0.1,1
0,0,0,1,0,6.071968515472768,1.625989037060046,4356.134158711087,10,0.1,1
0,0,0,1,1,19.182886305623114,11.064000772561348,4356.134158711087,10,0.1,1
0,1,0,1,-1,47.18819795991684,22.98397507743117,4356.134158711087,10,0.1,1
