Cervical,Thoracic,Lumbar,Sacral,Caudal,variance,varianceRatio
0,1,0,0,0,3743.495332,0.8593618092
0,0,0,0,1,528.6680237,0.1213617406
