Cervical,Thoracic,Lumbar,Sacral,Caudal,constantValue,varianceRatio
-1,0.1114679546,0.1349332991,-0.9888811535,0.3086787035,-6.333050698,18.10682703
