Cervical,Thoracic,Lumbar,Sacral,Caudal,std,outside_std,totalVar,constraintRatio,constraintThresholdLocal,span
0,0,1,0,0,0.3937164798958319,2.878755605846754,92.29189510800467,10,0.1,1
0,1,0,0,0,2.1488188590707504,59.0154542854132,92.29189510800467,10,0.1,1
1,1,0,0,0,2.631660757715966,58.561529503499614,92.29189510800467,10,0.1,1
1,-1,0,-1,0,2.8537702831909337,58.95433250227714,92.29189510800467,10,0.1,1
0,1,0,-1,-1,3.745484804583037,50.20674447999616,92.29189510800467,10,0.1,1
