Cervical,Thoracic,Lumbar,Sacral,Caudal,variance,varianceRatio
0,1,0,0,0,4.617422489,0.05003063903
0,0,1,0,0,0.1550126665,0.001679591327
