Cervical,Thoracic,Lumbar,Sacral,Caudal,constantValue,varianceRatio
-0.214858377,0.01607562272,1,0.5698568116,0.3471179491,7.162947262,0.05417617292
0.05485041022,0.0001974279313,1,-0.05490807702,-0.04114457955,-0.2591222357,0.01218022559
0.2297281572,1,-0.7118467923,-0.1631149279,-0.2344363975,5.949591805,0.0004691001986
