Cervical,Thoracic,Lumbar,Sacral,Caudal,varianceRatio
1,0,0,0,0,0.007320516243
0,1,0,0,0,0.007713254322
0,0,1,0,0,0.04986305753
0,0,0,1,0,0.04616340172
