Cervical,Thoracic,Lumbar,Sacral,Caudal,varianceRatio
0,1,0,0,0,0.002019458751
0,0,1,0,0,0.002092469618
0,0,0,1,0,0.01434961553
0,0,0,0,1,0.007320516243
