Cervical,Thoracic,Lumbar,Sacral,Caudal,varianceRatio
12.37134703,0,0,0,0,0.007320516243
0,7.235616438,0,0,0,0.007713254322
0,0,0.06506849315,0,0,0.04986305753
0,0,0,10.95205479,0,0.04616340172
