Cervical,Thoracic,Lumbar,Sacral,Caudal,varianceRatio
0.8239036766,0.00362003954,-0.03239398837,-0.4425522954,0.3525162725,0.0527494827
-0.1375797007,0.09980921396,0.3225713058,0.3933578811,0.8439948322,0.03930366823
0.102798578,0.003587703819,0.944128027,-0.1109337015,-0.2928063581,0.01200220832
0.02356704625,0.9946990104,-0.03678757161,-0.01803867676,-0.09132225171,0.0004370266946
