Cervical,Thoracic,Lumbar,Sacral,Caudal,varianceRatio
0,7.235616438,0,0,0,0.002019458751
0,0,0.06506849315,0,0,0.002092469618
0,0,0,10.95205479,0,0.01434961553
0,0,0,0,9.790753425,0.007320516243
