Cervical,Thoracic,Lumbar,Sacral,Caudal,varianceRatio
0,7.235616438,0,0,0,0.001325769748
0,0,0.06506849315,0,0,0.01870499488
