Cervical,Thoracic,Lumbar,Sacral,Caudal,variance,varianceRatio
1,0,0,0,0,10.82243053,0.1172630654
0,0,0,1,0,24.81619441,0.2688881226
0,0,0,0,1,51.24869875,0.5552892666
