Cervical,Thoracic,Lumbar,Sacral,Caudal,std,outside_std,totalVar,plasticityRatio,constraintThresholdLocal,span
0,0,0,-1,0,4.981585531530746,1.5442566732589682,92.29189510800467,10,0.1,1
1,0,0,1,0,5.665879037837842,3.878845786631044,92.29189510800467,10,0.1,1
0,0,0,1,-1,8.079931136273183,22.18360303690996,92.29189510800467,10,0.1,1
1,0,0,1,-1,8.210709900697653,22.450541960851176,92.29189510800467,10,0.1,1
