Cervical,Thoracic,Lumbar,Sacral,Caudal,varianceRatio
11.66666667,0,0,0,0,0.015269202
0,6.092592593,0,0,0,0.0001028679942
0,0,0,0,0,0
0,0,0,9.814814815,0,0.06697798232
0,0,0,0,6.342592593,0.0009644015491
