Cervical,Thoracic,Lumbar,Sacral,Caudal,varianceRatio
11.66666667,0,0,0,0,0.001018948696
0,6.092592593,0,0,0,0.0006756505544
0,0,0,0,0,0.007356708024
0,0,0,9.814814815,0,0.007420223425
0,0,0,0,6.342592593,0.0009644015491
