Cervical,Thoracic,Lumbar,Sacral,Caudal,constantValue,varianceRatio
0.2336881383,-0.0006777115514,0,1,0.001296142687,12.54526831,0.05230964931
1,0.0005823438149,0,-0.2013017746,0.01497812219,9.789475137,0.02226734446
-0.2112718835,0.03544116101,8.415852339e-16,0.02834666972,1,4.37189982,0.0008485337891
0.008456951632,1,5.364230556e-16,0.05684435604,-0.2310996848,5.283402707,0.0001090077003
4.618092342e-18,-1.888102478e-18,1,-5.564837657e-18,1.916796204e-19,-1.102780053e-17,3.441916919e-37
