Cervical,Thoracic,Lumbar,Sacral,Caudal,varianceRatio
1,0,0,0,0,0.015269202
0,1,0,0,0,0.0002656579779
0,0,1,0,0,0.0002696346333
0,0,0,1,0,0.001355367446
0,0,0,0,1,0.001018948696
