Cervical,Thoracic,Lumbar,Sacral,Caudal,varianceRatio
1,0,0,0,0,0.001018948696
0,1,0,0,0,0.0006756505544
0,0,1,0,0,0.007356708024
0,0,0,1,0,0.007420223425
0,0,0,0,1,0.0009644015491
