Cervical,Thoracic,Lumbar,Sacral,Caudal,std,outside_std,totalVar,constraintRatio,constraintThresholdLocal,span
0,0,1,0,0,0.0,2.594223126701108,3.134081196581196,10,0.1,1
0,1,0,0,0,0.5098481443680075,50.26905337926137,3.134081196581196,10,0.1,1
0,1,0,0,-1,0.6905446052586697,41.43692523168679,3.134081196581196,10,0.1,1
1,1,0,0,-1,0.8471083712209393,40.631008365279015,3.134081196581196,10,0.1,1
1,-1,0,-1,1,1.4501903758473487,41.57256762982699,3.134081196581196,10,0.1,1
