Cervical,Thoracic,Lumbar,Sacral,Caudal,varianceRatio
11.66666667,0,0,0,0,0.015269202
0,6.092592593,0,0,0,0.0002656579779
0,0,0,0,0,0.0002696346333
0,0,0,9.814814815,0,0.001355367446
0,0,0,0,6.342592593,0.001018948696
