Cervical,Thoracic,Lumbar,Sacral,Caudal,varianceRatio
1,0,0,0,0,0.015269202
0,1,0,0,0,0.0001028679942
0,0,1,0,0,0
0,0,0,1,0,0.06697798232
0,0,0,0,1,0.0009644015491
