Cervical,Thoracic,Lumbar,Sacral,Caudal,varianceRatio
-0.05532611362,0.08999060283,1.110223025e-16,0.008002221091,0.9943725042,0.01150970145
0.0008686263243,0.9959095585,2.775557562e-17,0.00629399703,-0.09013202738,0.001173844933
9.167247356e-18,-3.634148421e-17,1,-1.190827565e-17,1.444817272e-18,4.117883601e-36
