Cervical,Thoracic,Lumbar,Sacral,Caudal,std,outside_std,totalVar,constraintRatio,constraintThresholdLocal,span
0,0,0,1,0,0.5237828008789241,5.54495845366611,274.64964564752137,10,0.1,1
1,0,0,0,0,0.6035460423076148,5.113365379961738,274.64964564752137,10,0.1,1
0,0,1,0,0,1.390986070978809,2.596222242548705,274.64964564752137,10,0.1,1
0,1,0,0,0,1.7346228188661472,50.52630513928428,274.64964564752137,10,0.1,1
0,1,0,0,1,16.352365664508262,64.40279333708786,274.64964564752137,10,0.1,1
