Cervical,Thoracic,Lumbar,Sacral,Caudal,variance,varianceRatio
1,0,0,0,0,0.3642678252,0.001326300001
0,1,0,0,0,3.008916324,0.01095547135
0,0,1,0,0,1.93484225,0.007044765141
0,0,0,1,0,0.2743484225,0.0009989032458
