Cervical,Thoracic,Lumbar,Sacral,Caudal,constantValue,varianceRatio
1,-0.002827985284,0.009860965566,-0.02390318574,-0.006441976013,3.129312438,0.01417697171
0.02353683039,-0.01413528746,0.02396580408,1,-0.004550199529,1.82447203,0.00801009408
0.2597252247,0.8826650632,0.666991555,1,-0.01143936887,19.13629027,0.0007599021679
