Cervical,Thoracic,Lumbar,Sacral,Caudal,varianceRatio
1,0,0,0,0,0.0139317977
0,1,0,0,0,0.001178623319
0,0,0,1,0,0.008922896888
