Cervical,Thoracic,Lumbar,Sacral,Caudal,varianceRatio
1,0,0,0,0,0.0139317977
0,1,0,0,0,0.001354163975
0,0,1,0,0,0.0009877806795
0,0,0,1,0,0.0009053783875
0,0,0,0,1,0.07245323447
