Cervical,Thoracic,Lumbar,Sacral,Caudal,varianceRatio
3.469133333,0,0,0,0,0.0139317977
0,17.98148148,0,0,0,0.001354163975
0,0,0.9814814815,0,0,0.0009877806795
0,0,0,2.148148148,0,0.0009053783875
0,0,0,0,38.38888889,0.07245323447
