Cervical,Thoracic,Lumbar,Sacral,Caudal,varianceRatio
3.469133333,0,0,0,0,0.07245323447
0,17.98148148,0,0,0,0.06850620526
