Cervical,Thoracic,Lumbar,Sacral,Caudal,varianceRatio
0.9989821063,-0.0273927488,0.004962503365,-0.02574148149,-0.02443641316,0.01347123607
0.02165022273,-0.1260723349,0.01110529394,0.9915952399,-0.01589298519,0.00887627679
0.03007240772,0.9909477773,0.03890434145,0.1248171071,-0.005029406991,0.00067255979
