Cervical,Thoracic,Lumbar,Sacral,Caudal,varianceRatio
3.469133333,0,0,0,0,0.0139317977
0,17.98148148,0,0,0,0.001178623319
0,0,0,2.148148148,0,0.008922896888
