Cervical,Thoracic,Lumbar,Sacral,Caudal,variance,varianceRatio
1,0,0,0,0,0.6506138272,7.448780713e-05
0,0,1,0,0,1.496875,0.0001713749872
0,0,0,1,0,1.44,0.0001648634532
0,0,0,0,1,640.9080556,0.0733766078
