Cervical,Thoracic,Lumbar,Sacral,Caudal,varianceRatio
0.01800226674,0.1269250172,0.9916369919,0.009176339493,-0.01174008434,0.03434913828
0.3484754942,0.0883944782,-0.02632761552,0.9327571484,-0.004712209253,0.005575316086
0.9354431446,0.02046376223,-0.01656933704,-0.3519819926,-0.01901293153,0.002927155244
