Cervical,Thoracic,Lumbar,Sacral,Caudal,constantValue,varianceRatio
0.4027390109,0.01053600171,-0.0604003313,1,-0.001434218689,3.553599688,0.01832992171
1,0.002256146642,-0.03516123111,-0.349046274,-0.005352677044,2.552582094,0.03863624053
