Cervical,Thoracic,Lumbar,Sacral,Caudal,std,outside_std,totalVar,constraintRatio,constraintThresholdLocal,span
1,0,0,0,0,0.8066063644884864,5.143910108497386,8734.50101832713,10,0.1,1
0,0,0,1,0,1.2,5.574189469987814,8734.50101832713,10,0.1,1
0,0,1,-1,0,1.421340329876463,6.881024574580235,8734.50101832713,10,0.1,1
0,0,1,1,1,24.84744984679291,10.547148202170222,8734.50101832713,10,0.1,1
