Cervical,Thoracic,Lumbar,Sacral,Caudal,constantValue,varianceRatio
-0.1840900589,0.4300405038,-1,-0.3066310256,0.5238191663,65.39435506,16.9743259
