Cervical,Thoracic,Lumbar,Sacral,Caudal,varianceRatio
0,1,0,0,0,28.97279598
0,0,1,0,0,27.9648697
0,0,0,1,0,25.89813924
0,0,0,0,1,23.32217673
