Cervical,Thoracic,Lumbar,Sacral,Caudal,varianceRatio
0,95.77783333,0,0,0,28.97279598
0,0,0.625,0,0,27.9648697
0,0,0,1.4,0,25.89813924
0,0,0,0,49.31666667,23.32217673
