Cervical,Thoracic,Lumbar,Sacral,Caudal,std,outside_std,totalVar,plasticityRatio,constraintThresholdLocal,span
0,1,-1,0,0,63.40936033809291,17.4599475960668,8734.50101832713,10,0.1,1
0,1,0,0,1,72.25981554346093,22.283564565217063,8734.50101832713,10,0.1,1
0,-1,0,0,0,89.13153458216806,17.311534050121917,8734.50101832713,10,0.1,1
0,1,0,0,0,89.13153458216806,17.311534050121917,8734.50101832713,10,0.1,1
