Cervical,Thoracic,Lumbar,Sacral,Caudal,varianceRatio
3.11111,0,0,0,0,23.32217673
0,95.77783333,0,0,0,23.11406337
