Cervical,Thoracic,Lumbar,Sacral,Caudal,variance,varianceRatio
1,0,0,0,0,25.3141521,0.008997920782
0,0,1,0,0,6.424076599,0.002283439402
0,0,0,1,0,29.41734476,0.01045640149
