Cervical,Thoracic,Lumbar,Sacral,Caudal,std,outside_std,totalVar,constraintRatio,constraintThresholdLocal,span
1,0,-1,-1,0,1.3873005403675591,0.0,2813.333514618582,10,0.1,1
1,0,0,-1,0,1.5276489845259804,0.0,2813.333514618582,10,0.1,1
1,1,1,1,-1,17.27318091250825,0.0,2813.333514618582,10,0.1,1
1,1,1,-1,-1,17.73425212384595,0.0,2813.333514618582,10,0.1,1
-1,0,-1,-1,-1,8.891336490704687,0.0,2813.333514618582,10,0.1,1
