Cervical,Thoracic,Lumbar,Sacral,Caudal,varianceRatio
-0.02483048121,0.6936200033,0.2003092318,0.0007256505024,-0.6914842177,0.07181226489
-0.6743799944,-0.002953553987,0.1446280264,0.7212500334,0.0639063609,0.01197990857
