Cervical,Thoracic,Lumbar,Sacral,Caudal,variance,varianceRatio
0,1,0,0,0,2379.933961,0.8459480359
0,0,0,0,1,364.9931205,0.1297368828
