Cervical,Thoracic,Lumbar,Sacral,Caudal,varianceRatio
0.8639247906,-9.458656081e-12,-0.0284691101,-0.5028155388,1.586814014e-12,6.426802675e-12
-0.08813836737,1.385169757e-12,0.9744455352,-0.2066096009,-1.821338219e-12,1.007362792e-12
0.4958483483,-3.729683229e-12,0.2228124969,0.839338434,2.332967153e-12,0
