Cervical,Thoracic,Lumbar,Sacral,Caudal,varianceRatio
1,0,0,0,0,0
0,1,0,0,0,4.490489005e-05
0,0,1,0,0,4.578422517e-05
0,0,0,1,0,4.900680378e-05
0,0,0,0,1,5.827788294e-05
