Cervical,Thoracic,Lumbar,Sacral,Caudal,std,outside_std,totalVar,constraintRatio,constraintThresholdLocal,span
1,0,1,1,0,0.0,9.709216243890413,0.21044992743105975,10,0.1,1
0,0,1,1,0,0.0,5.279616628953193,0.21044992743105975,10,0.1,1
1,0,0,1,0,0.0,10.066899504774769,0.21044992743105975,10,0.1,1
1,0,-1,-1,-1,0.30772653642075637,19.175163769347034,0.21044992743105975,10,0.1,1
1,1,1,1,0,0.3343404744654595,47.759609263633585,0.21044992743105975,10,0.1,1
