Cervical,Thoracic,Lumbar,Sacral,Caudal,constantValue,varianceRatio
-9.722736239e-12,0.004927234553,9.721923726e-12,-5.472629414e-12,1,2.968638839,0.0002512380146
9.867731871e-11,1,-1.548291026e-11,-1.18682849e-11,-0.03212798321,6.943473559,4.277902986e-05
1,-1.129152857e-12,-0.06541454017,-0.5398992342,4.837148763e-13,0.4601007658,1.247242171e-14
-0.04556497059,7.385303253e-14,1,-0.09908240714,-2.479682328e-13,-0.1446473777,2.420097333e-16
0.6368421549,-4.940309068e-13,0.5680660241,1,7.890979401e-13,1.636842155,0
