Cervical,Thoracic,Lumbar,Sacral,Caudal,varianceRatio
1,0,0,0,0,0
0,7.037735849,0,0,0,4.151581921e-05
0,0,0,0,0,0
0,0,0,1,0,0
0,0,0,0,2.933962264,0.0002511357665
