Cervical,Thoracic,Lumbar,Sacral,Caudal,varianceRatio
1,0,0,0,0,5.827788294e-05
0,7.037735849,0,0,0,5.418188331e-05
0,0,0,0,0,0.0003456143262
0,0,0,1,0,0.0003381303774
0,0,0,0,2.933962264,0.0002511357665
