Cervical,Thoracic,Lumbar,Sacral,Caudal,variance,varianceRatio
0,1,0,0,0,0.1117835529,0.5311646064
0,0,0,0,1,0.09469562122,0.4499674691
