Cervical,Thoracic,Lumbar,Sacral,Caudal,varianceRatio
11.65217391,0,0,0,0,0.01317255393
0,6.108695652,0,0,0,8.643491777e-05
0,0,0,0,0,0
0,0,0,9.52173913,0,0.02853191427
0,0,0,0,6.402173913,0.001075130341
