Cervical,Thoracic,Lumbar,Sacral,Caudal,varianceRatio
11.65217391,0,0,0,0,0.0007415825404
0,6.108695652,0,0,0,0.0005212857557
0,0,0,0,0,0.004754047728
0,0,0,9.52173913,0,0.004799084517
0,0,0,0,6.402173913,0.001075130341
