Cervical,Thoracic,Lumbar,Sacral,Caudal,varianceRatio
1,0,0,0,0,0.01317255393
0,1,0,0,0,8.643491777e-05
0,0,1,0,0,0
0,0,0,1,0,0.02853191427
0,0,0,0,1,0.001075130341
