Cervical,Thoracic,Lumbar,Sacral,Caudal,varianceRatio
-0.05867255947,0.09030782581,1.110223025e-16,-0.03847575882,0.9934393003,0.02330045112
0.008150931367,0.9958999531,8.881784197e-16,-0.0009827780099,-0.0900881781,0.00189662218
0,-9.464394933e-16,1,-2.215082214e-17,8.147137286e-17,1.802988678e-37
