Cervical,Thoracic,Lumbar,Sacral,Caudal,std,outside_std,totalVar,constraintRatio,constraintThresholdLocal,span
0,0,1,0,0,0.0,2.5852327575256355,1.8989624505928853,10,0.1,1
0,1,0,0,0,0.46523770780505863,50.041497291397086,1.8989624505928853,10,0.1,1
0,1,0,0,-1,0.6782817722531607,41.21677783519243,1.8989624505928853,10,0.1,1
1,1,0,0,-1,0.7830614632316467,40.40875451847624,1.8989624505928853,10,0.1,1
0,1,0,1,-1,1.0501372671099514,40.54056248026012,1.8989624505928853,10,0.1,1
