Cervical,Thoracic,Lumbar,Sacral,Caudal,constantValue,varianceRatio
0.2721001362,0.0004160476265,-0,1,0.01513083549,12.79170899,0.02245475168
1,-0.0004078556822,-0,-0.2365826971,0.01304706332,9.480533291,0.02342903399
-0.2242613045,0.03559950311,8.423757911e-16,-0.1364226437,1,2.707527896,0.0008612200575
0.07935828704,1,1.716570334e-14,-0.008876064234,-0.2309894825,5.470041807,9.237517373e-05
0,-4.917176037e-17,1,-1.035126603e-17,1.08085653e-17,-3.297390588e-16,7.883729522e-39
