Cervical,Thoracic,Lumbar,Sacral,Caudal,varianceRatio
1,0,0,0,0,0.0007415825404
0,1,0,0,0,0.0005212857557
0,0,1,0,0,0.004754047728
0,0,0,1,0,0.004799084517
0,0,0,0,1,0.001075130341
