Cervical,Thoracic,Lumbar,Sacral,Caudal,varianceRatio
1,0,0,0,0,0.01317255393
0,1,0,0,0,0.0002278814726
0,0,1,0,0,0.0002312310123
0,0,0,1,0,0.0007550701653
0,0,0,0,1,0.0007415825404
