Cervical,Thoracic,Lumbar,Sacral,Caudal,varianceRatio
11.65217391,0,0,0,0,0.01317255393
0,6.108695652,0,0,0,0.0002278814726
0,0,0,0,0,0.0002312310123
0,0,0,9.52173913,0,0.0007550701653
0,0,0,0,6.402173913,0.0007415825404
