Cervical,Thoracic,Lumbar,Sacral,Caudal,variance,varianceRatio
1,0,0,0,0,0.3355387524,0.1766958332
0,1,0,0,0,0.2164461248,0.1139812558
0,0,0,1,0,0.8582230624,0.4519431451
0,0,0,0,1,0.4061909263,0.2139015051
