Cervical,Thoracic,Lumbar,Sacral,Caudal,varianceRatio
-0.06186055664,0.09139417242,0,-0.03259762558,0.9933568199,0.02738037665
0.004521928684,0.9958001031,9.575673587e-16,-0.002310254204,-0.09141318032,0.00226149166
0,-8.918779327e-16,1,-2.432103113e-17,7.175721254e-17,1.625014161e-34
