Cervical,Thoracic,Lumbar,Sacral,Caudal,varianceRatio
1,0,0,0,0,0.01053203531
0,1,0,0,0,0.0002165951899
0,0,1,0,0,0.0002197514682
0,0,0,1,0,0.000665750961
0,0,0,0,1,0.0006614493555
