Cervical,Thoracic,Lumbar,Sacral,Caudal,varianceRatio
1,0,0,0,0,0.01053203531
0,1,0,0,0,9.460038706e-05
0,0,1,0,0,0
0,0,0,1,0,0.02731753371
0,0,0,0,1,0.001115233103
