Cervical,Thoracic,Lumbar,Sacral,Caudal,varianceRatio
11.57142857,0,0,0,0,0.0006614493555
0,6.119047619,0,0,0,0.0005106105378
0,0,0,0,0,0.004455739556
0,0,0,9.476190476,0,0.004500012685
0,0,0,0,6.392857143,0.001115233103
