Cervical,Thoracic,Lumbar,Sacral,Caudal,varianceRatio
11.57142857,0,0,0,0,0.01053203531
0,6.119047619,0,0,0,0.0002165951899
0,0,0,0,0,0.0002197514682
0,0,0,9.476190476,0,0.000665750961
0,0,0,0,6.392857143,0.0006614493555
