Cervical,Thoracic,Lumbar,Sacral,Caudal,varianceRatio
1,0,0,0,0,0.0006614493555
0,1,0,0,0,0.0005106105378
0,0,1,0,0,0.004455739556
0,0,0,1,0,0.004500012685
0,0,0,0,1,0.001115233103
