Cervical,Thoracic,Lumbar,Sacral,Caudal,constantValue,varianceRatio
0.08624676285,0.0005982544327,-0,1,0.01059013488,10.5455507,0.02594207465
1,7.539439769e-05,-0,-0.07627974793,0.01567180048,10.94923607,0.01345987702
-0.2364662655,0.0360307343,0,-0.1155902741,1,2.781722966,0.0009302194102
0.0440303667,1,1.850862961e-14,-0.02086739901,-0.2344103403,4.932246596,0.0001011769841
0,-4.633704352e-17,1,-1.1365423e-17,9.519816471e-18,-3.303806623e-16,6.527119864e-36
