Cervical,Thoracic,Lumbar,Sacral,Caudal,std,outside_std,totalVar,constraintRatio,constraintThresholdLocal,span
0,0,1,0,0,0.0,2.580756750891406,1.8327380952380952,10,0.1,1
0,1,0,0,0,0.4856209060564557,49.92877585689116,1.8327380952380952,10,0.1,1
1,0,0,0,0,0.5183700251685056,5.051073954527248,1.8327380952380952,10,0.1,1
1,1,0,0,-1,0.7928964669212719,40.29882888513434,1.8327380952380952,10,0.1,1
1,1,0,1,-1,1.184987346488505,40.24199388991775,1.8327380952380952,10,0.1,1
