Cervical,Thoracic,Lumbar,Sacral,Caudal,varianceRatio
11.57142857,0,0,0,0,0.01053203531
0,6.119047619,0,0,0,9.460038706e-05
0,0,0,0,0,0
0,0,0,9.476190476,0,0.02731753371
0,0,0,0,6.392857143,0.001115233103
