Cervical,Thoracic,Lumbar,Sacral,Caudal,variance,varianceRatio
1,0,0,0,0,0.268707483,0.1466153204
0,1,0,0,0,0.2358276644,0.1286750491
0,0,0,1,0,0.820861678,0.4478881517
0,0,0,0,1,0.4200680272,0.2292024312
