Cervical,Thoracic,Lumbar,Sacral,Caudal,varianceRatio
-0,-0.156155789,-0.3123484224,0.9370452671,-0,9.829420722e-28
0,0.9877324383,-0.04938079629,0.1481423889,0,2.672695253e-34
-0,-2.990663273e-14,0.9486832981,0.316227766,-1.893266173e-29,1.080162575e-59
1,0,0,0,0,0
