Cervical,Thoracic,Lumbar,Sacral,Caudal,varianceRatio
1,0,0,0,0,1.299795717e-05
0,7,0,0,0,1.214994752e-05
0,0,0,0,0,0.0001663529684
0,0,0,1,0,0.0001640068866
0,0,0,0,2.944444444,0.0001247881455
