Cervical,Thoracic,Lumbar,Sacral,Caudal,std,outside_std,totalVar,constraintRatio,constraintThresholdLocal,span
1,1,1,1,0,0.0,47.49811488747339,0.04797979797979799,10,0.1,1
1,0,1,1,0,0.0,9.819313590702855,0.04797979797979799,10,0.1,1
0,1,1,1,0,0.0,49.006482811508874,0.04797979797979799,10,0.1,1
1,1,0,1,0,0.0,48.05786051236771,0.04797979797979799,10,0.1,1
1,1,1,1,1,0.21659542988464361,60.077484220360695,0.04797979797979799,10,0.1,1
