Cervical,Thoracic,Lumbar,Sacral,Caudal,constantValue,varianceRatio
-0,-0,-1.902774821e-27,2.578629899e-27,1,2.944444444,0.0001272521574
-0,-0.01852749904,-0.7133047648,1,-0,0.8703075067,9.6466187e-32
0,0.7412748321,-0.7133047648,1,0,6.188923824,3.468548356e-38
-0,-1.637831294e-15,1,0.1557694783,-2.647606487e-30,0.1557694783,1.611813169e-63
1,0,0,0,0,1,0
