Cervical,Thoracic,Lumbar,Sacral,Caudal,constantValue,varianceRatio
0.394954436,0.01058530811,-0.05166040294,1,-0.001271433307,3.51738081,0.01687642428
1,0.001580718132,-0.07098268151,-0.3421291269,-0.006927456133,2.319070167,0.03487585905
