Cervical,Thoracic,Lumbar,Sacral,Caudal,variance,varianceRatio
1,0,0,0,0,0.5605847253,7.178187021e-05
0,0,1,0,0,1.265933163,0.0001621004745
0,0,0,1,0,1.358108108,0.0001739033112
0,0,0,0,1,569.7114682,0.07295053329
