Cervical,Thoracic,Lumbar,Sacral,Caudal,std,outside_std,totalVar,constraintRatio,constraintThresholdLocal,span
1,0,0,0,0,0.7487220614654377,5.148491258753393,7809.558648955178,10,0.1,1
0,0,1,0,0,1.1251369529495607,2.72235637140875,7809.558648955178,10,0.1,1
0,0,0,1,0,1.1653789547216424,5.621298102096254,7809.558648955178,10,0.1,1
0,0,0,0,1,23.868629374662085,9.476084002585552,7809.558648955178,10,0.1,1
