Cervical,Thoracic,Lumbar,Sacral,Caudal,varianceRatio
0.03319596028,0.1181074701,0.9921542264,0.0004369649457,-0.02405106725,0.03376360978
0.3425571791,0.08902056409,-0.02257186944,0.934988179,-0.004187360083,0.005815068225
0.9373133502,0.01436613682,-0.03351667029,-0.3456964299,-0.02465580769,0.003042938844
