Cervical,Thoracic,Lumbar,Sacral,Caudal,constantValue,varianceRatio
-0.1729691116,0.4916522165,-1,-0.3636345113,0.6275882189,69.27985542,21.48693126
