Cervical,Thoracic,Lumbar,Sacral,Caudal,varianceRatio
3.063062162,0,0,0,0,27.45500385
0,84.76581081,0,0,0,28.50467263
