Cervical,Thoracic,Lumbar,Sacral,Caudal,varianceRatio
0,84.76581081,0,0,0,31.34395355
0,0,0.5878378378,0,0,29.76308545
0,0,0,1.5,0,26.35060252
0,0,0,0,46.63513514,27.45500385
