Cervical,Thoracic,Lumbar,Sacral,Caudal,varianceRatio
0,1,0,0,0,31.34395355
0,0,1,0,0,29.76308545
0,0,0,1,0,26.35060252
0,0,0,0,1,27.45500385
