Cervical,Thoracic,Lumbar,Sacral,Caudal,varianceRatio
0,6.482683983,0,0,0,0.0002604625443
0,0,0,0,0,0
0,0,0,0,6.63961039,0.001458510847
