Cervical,Thoracic,Lumbar,Sacral,Caudal,varianceRatio
12.7965368,0,0,0,0,0.003825723379
0,6.482683983,0,0,0,0.002060837564
0,0,0,0,0,0.01640059922
0,0,0,11.98701299,0,0.01639915654
0,0,0,0,6.63961039,0.001458510847
