Cervical,Thoracic,Lumbar,Sacral,Caudal,varianceRatio
0.001604363853,0.1472632817,2.305011795e-13,-0.01950784417,0.9889036333,0.005826773754
0.008752928104,0.98882006,-1.910783659e-13,-0.01899432469,-0.1476397329,0.0007974323741
-5.844924553e-15,1.549297545e-13,1,6.638710482e-15,-2.562600923e-13,0
