Cervical,Thoracic,Lumbar,Sacral,Caudal,varianceRatio
1,0,0,0,0,0.003825723379
0,1,0,0,0,0.002060837564
0,0,1,0,0,0.01640059922
0,0,0,1,0,0.01639915654
0,0,0,0,1,0.001458510847
