Cervical,Thoracic,Lumbar,Sacral,Caudal,varianceRatio
0,1,0,0,0,0.001383699064
0,0,1,0,0,0.001409179464
0,0,0,1,0,0.005432234155
0,0,0,0,1,0.003825723379
