Cervical,Thoracic,Lumbar,Sacral,Caudal,variance,varianceRatio
0,1,0,0,0,0.7435673994,0.08118711381
0,0,0,0,1,0.5982037443,0.06531544485
