Cervical,Thoracic,Lumbar,Sacral,Caudal,constantValue,varianceRatio
0.006160408947,0.05831770009,1.756936898e-12,-0.06948577559,1,6.263570615,0.00122690185
0.08582955355,1,-3.719386823e-12,-0.1727775484,-0.3812642602,2.978472163,0.0002244762324
-2.944439074e-15,8.049292976e-15,1,3.102325406e-15,-3.399726608e-14,-1.740385864e-13,0
