Cervical,Thoracic,Lumbar,Sacral,Caudal,std,outside_std,totalVar,constraintRatio,constraintThresholdLocal,span
0,0,1,0,0,0.0,2.7099574206585313,9.158687438476209,10,0.1,1
0,0,0,0,1,0.7734363220767695,20.252084549211574,9.158687438476209,10,0.1,1
0,1,0,0,-1,0.9324181917619174,44.51966191692799,9.158687438476209,10,0.1,1
1,-1,0,0,1,1.8908001193914208,45.71603007468865,9.158687438476209,10,0.1,1
1,1,0,-1,-1,1.9249727137677823,44.44672116069631,9.158687438476209,10,0.1,1
