Cervical,Thoracic,Lumbar,Sacral,Caudal,varianceRatio
0,6.482683983,0,0,0,0.001383699064
0,0,0,0,0,0.001409179464
0,0,0,11.98701299,0,0.005432234155
0,0,0,0,6.63961039,0.003825723379
