Cervical,Thoracic,Lumbar,Sacral,Caudal,variance,varianceRatio
1,0,0,0,0,2.769569536,0.3023980843
0,0,0,1,0,4.928402766,0.5381123441
