Cervical,Thoracic,Lumbar,Sacral,Caudal,std,outside_std,totalVar,constraintRatio,constraintThresholdLocal,span
0,0,1,0,0,0.0,2.5785236273137144,1610.604605263158,10,0.1,1
1,0,0,0,0,0.5830951894845301,5.053129870777747,1610.604605263158,10,0.1,1
0,0,0,1,0,1.2409673645990855,5.441669379865743,1610.604605263158,10,0.1,1
0,0,0,0,1,19.88083247753977,16.786015863781653,1610.604605263158,10,0.1,1
