Cervical,Thoracic,Lumbar,Sacral,Caudal,constantValue,varianceRatio
0.1374671841,-0.01987692279,-6.096898617e-16,1,0.02104176545,-1.589154531,0.03599859267
1,-0.001232068077,8.335044063e-17,-0.1184758991,-0.006888290675,1.908595662,0.01561492655
-0,-4.195422495e-18,1,2.559223078e-16,-5.478716547e-18,-9.439351656e-16,3.477475584e-38
