Cervical,Thoracic,Lumbar,Sacral,Caudal,varianceRatio
0.1242271835,-0.1741676587,-2.775557562e-16,0.9741764912,0.07220386151,0.02569875824
0.9915393055,-0.01184528189,4.163336342e-17,-0.1266368182,-0.02593474886,0.007257273437
-0,-8.075190942e-17,1,5.476518046e-16,-4.129674442e-17,2.110203543e-38
