Cervical,Thoracic,Lumbar,Sacral,Caudal,constantValue,varianceRatio
0.3188837525,-1.866952958e-05,0,1,0.01513056274,13.32807393,0.02037626949
1,-0.001115558169,2.8778328e-17,-0.2767170421,0.01230577063,9.077191991,0.02502821272
-0.2153127451,0.03310318054,0,-0.1285981957,1,2.842758353,0.0008232894514
0.1435157651,1,7.506161646e-15,0.0022438104,-0.2136825709,6.470726604,9.849674114e-05
-0,-1.522606223e-17,1,1.564498203e-18,-7.808841507e-18,-1.283363196e-16,5.094514979e-37
