Cervical,Thoracic,Lumbar,Sacral,Caudal,varianceRatio
11.64,0,0,0,0,0.0006853713829
0,6.14,0,0,0,0.0004776477562
0,0,0,0,0,0.004460445492
0,0,0,9.52,0,0.004500379073
0,0,0,0,6.37,0.001017739312
