Cervical,Thoracic,Lumbar,Sacral,Caudal,varianceRatio
1,0,0,0,0,0.0006853713829
0,1,0,0,0,0.0004776477562
0,0,1,0,0,0.004460445492
0,0,0,1,0,0.004500379073
0,0,0,0,1,0.001017739312
