Cervical,Thoracic,Lumbar,Sacral,Caudal,varianceRatio
11.64,0,0,0,0,0.01296329444
0,6.14,0,0,0,0.0002103870328
0,0,0,0,0,0.000213507242
0,0,0,9.52,0,0.0007015672661
0,0,0,0,6.37,0.0006853713829
