Cervical,Thoracic,Lumbar,Sacral,Caudal,varianceRatio
1,0,0,0,0,0.01296329444
0,1,0,0,0,0.0002103870328
0,0,1,0,0,0.000213507242
0,0,0,1,0,0.0007015672661
0,0,0,0,1,0.0006853713829
