Cervical,Thoracic,Lumbar,Sacral,Caudal,varianceRatio
1,0,0,0,0,0.01296329444
0,1,0,0,0,9.158735178e-05
0,0,1,0,0,0
0,0,0,1,0,0.02686265419
0,0,0,0,1,0.001017739312
