Cervical,Thoracic,Lumbar,Sacral,Caudal,varianceRatio
-0.05637474952,0.08403986973,0,-0.03629692258,0.9942040642,0.02320237612
0.014748108,0.9964085815,3.885780586e-16,0.0002485666721,-0.08338087448,0.002141492092
-0,-2.930655016e-16,1,3.347892069e-18,-5.886045193e-17,1.227033201e-35
