Cervical,Thoracic,Lumbar,Sacral,Caudal,varianceRatio
11.64,0,0,0,0,0.01296329444
0,6.14,0,0,0,9.158735178e-05
0,0,0,0,0,0
0,0,0,9.52,0,0.02686265419
0,0,0,0,6.37,0.001017739312
