Cervical,Thoracic,Lumbar,Sacral,Caudal,std,outside_std,totalVar,constraintRatio,constraintThresholdLocal,span
0,0,1,0,0,0.0,2.58972161691331,1.8291666666666666,10,0.1,1
0,1,0,0,0,0.48,50.15606846204025,1.8291666666666666,10,0.1,1
0,1,0,0,-1,0.699714227381436,41.326911603103675,1.8291666666666666,10,0.1,1
1,1,0,0,-1,0.7709734106958553,40.51958462938585,1.8291666666666666,10,0.1,1
1,1,0,-1,0,1.0209799214480173,50.35704761776194,1.8291666666666666,10,0.1,1
