Cervical,Thoracic,Lumbar,Sacral,Caudal,variance,varianceRatio
1,0,0,0,0,0.3304,0.1806287016
0,1,0,0,0,0.2304,0.1259589977
0,0,0,1,0,0.8096,0.4426059226
0,0,0,0,1,0.3856,0.2108063781
