Cervical,Thoracic,Lumbar,Sacral,Caudal,variance,varianceRatio
1,0,0,0,0,0.5924873993,7.049370755e-05
0,0,1,0,0,1.38481405,0.0001647641397
0,0,0,1,0,1.401285583,0.0001667239104
0,0,0,0,1,605.9584481,0.07209648285
