Cervical,Thoracic,Lumbar,Sacral,Caudal,constantValue,varianceRatio
0.370886929,0.01055390683,-0.0347622257,1,-0.0006754501763,3.521542605,0.01743843811
1,0.00199653294,-0.06136872076,-0.321374027,-0.005799311137,2.48533407,0.03367868992
