Cervical,Thoracic,Lumbar,Sacral,Caudal,varianceRatio
3.101009091,0,0,0,0,0.02234132851
0,0,0,1.484848485,0,0.04466613069
