Cervical,Thoracic,Lumbar,Sacral,Caudal,std,outside_std,totalVar,constraintRatio,constraintThresholdLocal,span
1,0,0,0,0,0.7697320308466413,5.149737142979127,8404.826756086572,10,0.1,1
0,0,1,0,0,1.1767812241817832,2.697095569320777,8404.826756086572,10,0.1,1
0,0,0,1,0,1.1837590899772492,5.601110760025605,8404.826756086572,10,0.1,1
0,0,0,1,1,24.277394285183014,9.411353962746185,8404.826756086572,10,0.1,1
