Cervical,Thoracic,Lumbar,Sacral,Caudal,varianceRatio
0.02651156223,0.1189032813,0.9924018908,-0.004327024745,-0.01670061923,0.03408546005
0.3239918518,0.08939363076,-0.01529761751,0.94170007,-0.002240508141,0.005438554158
0.9441369521,0.01827730823,-0.0291880935,-0.327088905,-0.02079084075,0.002926389216
