Cervical,Thoracic,Lumbar,Sacral,Caudal,varianceRatio
3.101009091,0,0,0,0,22.79425421
0,89.10106061,0,0,0,22.79787372
