Cervical,Thoracic,Lumbar,Sacral,Caudal,std,outside_std,totalVar,plasticityRatio,constraintThresholdLocal,span
0,1,0,0,1,71.1720197360457,22.02159393200494,8404.826756086572,10,0.1,1
0,-1,0,0,0,87.5679385448597,17.422772952846483,8404.826756086572,10,0.1,1
0,1,0,0,0,87.5679385448597,17.422772952846483,8404.826756086572,10,0.1,1
