Cervical,Thoracic,Lumbar,Sacral,Caudal,varianceRatio
0,1,0,0,0,27.51800683
0,0,1,0,0,26.56582527
0,0,0,1,0,24.57140605
0,0,0,0,1,22.79425421
