Cervical,Thoracic,Lumbar,Sacral,Caudal,constantValue,varianceRatio
-0.183723364,0.4681200487,-1,-0.3438294119,0.5755710762,67.67838882,17.03411439
