Cervical,Thoracic,Lumbar,Sacral,Caudal,varianceRatio
0,89.10106061,0,0,0,27.51800683
0,0,0.6136363636,0,0,26.56582527
0,0,0,1.484848485,0,24.57140605
0,0,0,0,48.06060606,22.79425421
