Cervical,Thoracic,Lumbar,Sacral,Caudal,std,outside_std,totalVar,constraintRatio,constraintThresholdLocal,span
0,0,1,0,0,0.0,2.6009986373904304,3.303967113871009,10,0.1,1
0,1,0,0,0,0.5312459150169743,50.43987730972286,3.303967113871009,10,0.1,1
0,1,0,0,-1,0.7373469709407882,41.60245549094321,3.303967113871009,10,0.1,1
1,1,0,0,-1,0.8187850455283512,40.80012301844543,3.303967113871009,10,0.1,1
1,-1,0,-1,1,1.410621634344541,41.738541488411485,3.303967113871009,10,0.1,1
