Cervical,Thoracic,Lumbar,Sacral,Caudal,varianceRatio
1,0,0,0,0,0.001180848205
0,1,0,0,0,0.0007290838083
0,0,1,0,0,0.008081246794
0,0,0,1,0,0.008145913506
0,0,0,0,1,0.001121610088
