Cervical,Thoracic,Lumbar,Sacral,Caudal,varianceRatio
1,0,0,0,0,0.01922984516
0,1,0,0,0,0.0002885181087
0,0,1,0,0,0.0002928949923
0,0,0,1,0,0.001431302574
0,0,0,0,1,0.001180848205
