Cervical,Thoracic,Lumbar,Sacral,Caudal,varianceRatio
-0.08422261141,0.1049909146,4.440892099e-16,0.004267664842,0.9908911376,0.01199260734
0.00955427839,0.9944400044,2.997602166e-15,0.007690785325,-0.1045879785,0.001169858238
-0,-3.039620343e-15,1,-5.505123977e-17,2.813866813e-16,1.394193477e-31
