Cervical,Thoracic,Lumbar,Sacral,Caudal,constantValue,varianceRatio
0.3226010573,-0.0009221481372,6.661568731e-31,1,0.006247962372,13.7653318,0.04977993089
1,0.0001832879001,-1.803203141e-31,-0.2793481969,0.02267619898,9.143030072,0.03242115805
-0.3227478855,0.04149403426,3.378168135e-15,0.01517067712,1,2.976582903,0.0008848250426
0.0931579805,1,5.80193027e-14,0.06956212174,-0.2685612168,6.108915767,0.0001152244422
-0,-1.579218578e-16,1,-2.57259087e-17,3.733073608e-17,-9.70355793e-16,1.207333355e-32
