Cervical,Thoracic,Lumbar,Sacral,Caudal,varianceRatio
11.77222222,0,0,0,0,0.01922984516
0,6.033333333,0,0,0,0.0001109285061
0,0,0,0,0,0
0,0,0,9.933333333,0,0.0668540782
0,0,0,0,6.375,0.001121610088
