Cervical,Thoracic,Lumbar,Sacral,Caudal,varianceRatio
11.77222222,0,0,0,0,0.01922984516
0,6.033333333,0,0,0,0.0002885181087
0,0,0,0,0,0.0002928949923
0,0,0,9.933333333,0,0.001431302574
0,0,0,0,6.375,0.001180848205
