Cervical,Thoracic,Lumbar,Sacral,Caudal,varianceRatio
1,0,0,0,0,0.01922984516
0,1,0,0,0,0.0001109285061
0,0,1,0,0,0
0,0,0,1,0,0.0668540782
0,0,0,0,1,0.001121610088
