Cervical,Thoracic,Lumbar,Sacral,Caudal,varianceRatio
11.77222222,0,0,0,0,0.001180848205
0,6.033333333,0,0,0,0.0007290838083
0,0,0,0,0,0.008081246794
0,0,0,9.933333333,0,0.008145913506
0,0,0,0,6.375,0.001121610088
