Cervical,Thoracic,Lumbar,Sacral,Caudal,constantValue,varianceRatio
0,0,0,0,1,2.961538462,0.0001030800071
-0,1,0,0,0,7,3.013804227e-33
0,0,1,0,0,0,0
0,0,0,1,0,1,0
1,0,0,0,0,1,0
