Cervical,Thoracic,Lumbar,Sacral,Caudal,varianceRatio
1,0,0,0,0,1.039680117e-05
0,1,0,0,0,9.829643202e-06
0,0,1,0,0,0.0001244799954
0,0,0,1,0,0.0001245233302
0,0,0,0,1,9.938994927e-05
