Cervical,Thoracic,Lumbar,Sacral,Caudal,std,outside_std,totalVar,constraintRatio,constraintThresholdLocal,span
1,1,1,1,0,0.0,46.87643838621242,0.03846153846153845,10,0.1,1
1,0,1,1,0,0.0,10.020703421949218,0.03846153846153845,10,0.1,1
0,1,1,1,0,0.0,48.10452472501407,0.03846153846153845,10,0.1,1
1,1,0,1,0,0.0,47.3547457321787,0.03846153846153845,10,0.1,1
1,1,1,1,1,0.1923076923076923,59.64125685380004,0.03846153846153845,10,0.1,1
