Cervical,Thoracic,Lumbar,Sacral,Caudal,varianceRatio
13.54795322,0,0,0,0,0.005806698395
0,6.443567251,0,0,0,0.002293794289
0,0,0,0,0,0.02165717369
0,0,0,13.13157895,0,0.02152154444
0,0,0,0,6.530263158,0.001702099837
