Cervical,Thoracic,Lumbar,Sacral,Caudal,varianceRatio
0,6.443567251,0,0,0,0.002088847844
0,0,0,0,0,0.002133926446
0,0,0,13.13157895,0,0.008407419499
0,0,0,0,6.530263158,0.005806698395
