Cervical,Thoracic,Lumbar,Sacral,Caudal,std,outside_std,totalVar,constraintRatio,constraintThresholdLocal,span
0,0,1,0,0,0.0,2.795985050121124,15.008252621548802,10,0.1,1
0,1,0,0,0,0.8025438015901363,56.13513103256368,15.008252621548802,10,0.1,1
0,1,0,0,-1,1.0166311464964244,47.30595476511891,15.008252621548802,10,0.1,1
1,1,0,-1,-1,1.892209532244526,47.15380645011642,15.008252621548802,10,0.1,1
1,1,0,0,-1,2.4386772366169125,46.617485461064135,15.008252621548802,10,0.1,1
