Cervical,Thoracic,Lumbar,Sacral,Caudal,varianceRatio
1,0,0,0,0,0.005806698395
0,1,0,0,0,0.002293794289
0,0,1,0,0,0.02165717369
0,0,0,1,0,0.02152154444
0,0,0,0,1,0.001702099837
