Cervical,Thoracic,Lumbar,Sacral,Caudal,varianceRatio
0,1,0,0,0,0.002088847844
0,0,1,0,0,0.002133926446
0,0,0,1,0,0.008407419499
0,0,0,0,1,0.005806698395
