Cervical,Thoracic,Lumbar,Sacral,Caudal,varianceRatio
0,6.443567251,0,0,0,0.0002043939366
0,0,0,0,0,0
0,0,0,0,6.530263158,0.001702099837
