Cervical,Thoracic,Lumbar,Sacral,Caudal,varianceRatio
-0.02972888356,0.1181108233,3.353732213e-13,0.01137161816,0.9924901577,0.003877119305
0.01219093633,0.9928867668,-1.207359195e-12,-0.01375483513,-0.1176352581,0.0004628388561
2.36336631e-14,1.159165086e-12,1,-2.621495431e-14,-4.752737697e-13,2.541897154e-16
