Cervical,Thoracic,Lumbar,Sacral,Caudal,variance,varianceRatio
0,1,0,0,0,0.6440765535,0.04291482624
0,0,0,0,1,0.730246422,0.04865632532
