Cervical,Thoracic,Lumbar,Sacral,Caudal,constantValue,varianceRatio
-0.1137399513,0.0466040194,2.547059896e-12,0.04035865308,1,5.819588591,0.001425801358
0.1190523853,1,-2.340528152e-11,-0.1246052625,-0.3025365854,4.444576038,0.0001987267541
1.190569364e-14,6.022380536e-14,1,-1.225046927e-14,-6.305316079e-14,-2.326781684e-14,1.033997291e-16
