Cervical,Thoracic,Lumbar,Sacral,Caudal,variance,varianceRatio
1,0,0,0,0,5.664328169,0.3774142341
0,0,0,1,0,7.837950139,0.5222426845
