Cervical,Thoracic,Lumbar,Sacral,Caudal,variance,varianceRatio
1,0,0,0,0,0.3326446281,0.0001522525851
0,0,0,1,0,1.429752066,0.0006544024155
