Cervical,Thoracic,Lumbar,Sacral,Caudal,constantValue,varianceRatio
0.07405468847,-0.0170864005,-5.063423469e-15,1,0.01156859258,-1.784259268,0.03687431088
1,-0.003963582036,2.902907438e-16,-0.06949952339,0.00205631294,1.929369155,0.01433639238
-0,-2.918668304e-17,1,1.064919459e-15,2.079080953e-17,-3.662953008e-15,8.098216149e-35
