Cervical,Thoracic,Lumbar,Sacral,Caudal,varianceRatio
0.0676883879,-0.1514303597,-2.331468352e-15,0.9853298828,0.04015159342,0.01203971986
0.9964435286,-0.03829493203,1.45716772e-16,-0.07465425398,0.007780411126,0.003625584175
-0,-5.617742643e-16,1,2.278836372e-15,1.567142122e-16,2.421685111e-35
