Cervical,Thoracic,Lumbar,Sacral,Caudal,std,outside_std,totalVar,constraintRatio,constraintThresholdLocal,span
0,0,1,0,0,0.0,2.5829931354397373,2184.8208874458874,10,0.1,1
1,0,0,0,0,0.5767535245658872,5.054289480225418,2184.8208874458874,10,0.1,1
0,0,0,1,0,1.1957224034514462,5.440354698027288,2184.8208874458874,10,0.1,1
