Cervical,Thoracic,Lumbar,Sacral,Caudal,varianceRatio
2.590909091,0,0,0,0,0.01302147826
0,0,0,0,0,0
0,0,0,0.5454545455,0,0.04830658113
