Cervical,Thoracic,Lumbar,Sacral,Caudal,variance,varianceRatio
0,1,0,0,0,1054.713326,0.4827459004
0,0,0,0,1,1029.035124,0.4709928992
