Cervical,Thoracic,Lumbar,Sacral,Caudal,varianceRatio
0,6.502136752,0,0,0,0.001364370609
0,0,0,0,0,0.001389607012
0,0,0,12,0,0.005360340863
0,0,0,0,6.631410256,0.003769854753
