Cervical,Thoracic,Lumbar,Sacral,Caudal,std,outside_std,totalVar,constraintRatio,constraintThresholdLocal,span
0,0,1,0,0,0.0,2.7123092297819698,9.095794252226975,10,0.1,1
0,0,0,0,1,0.7718238877755468,20.265028351559003,9.095794252226975,10,0.1,1
0,1,0,0,-1,0.9576732617037359,44.589750747244246,9.095794252226975,10,0.1,1
1,-1,0,0,1,1.9077969047173131,45.78361519307953,9.095794252226975,10,0.1,1
1,1,0,-1,-1,1.912992612371696,44.51498401330455,9.095794252226975,10,0.1,1
