Cervical,Thoracic,Lumbar,Sacral,Caudal,varianceRatio
0.0002373030398,0.138393553,1.92574474e-13,-0.01831479731,0.9902079258,0.005858222052
0.009939001596,0.9900736849,-5.218653242e-13,-0.02010079481,-0.1387489556,0.0008376289557
-3.114540506e-15,4.906135257e-13,1,-7.437976789e-16,-2.630325764e-13,1.651373019e-16
