Cervical,Thoracic,Lumbar,Sacral,Caudal,varianceRatio
0,6.502136752,0,0,0,0.000266622366
0,0,0,0,0,0
0,0,0,0,6.631410256,0.001450581052
