Cervical,Thoracic,Lumbar,Sacral,Caudal,variance,varianceRatio
0,1,0,0,0,0.7631720725,0.08390384075
0,0,0,0,1,0.5957121137,0.06549313861
