Cervical,Thoracic,Lumbar,Sacral,Caudal,constantValue,varianceRatio
0.0009099919492,0.05473301184,1.465916746e-12,-0.06515028542,1,6.217123812,0.00123062154
0.09733656217,1,-1.014537305e-11,-0.1826107881,-0.3578510689,3.182326944,0.0002299848468
-1.568980862e-15,2.548956472e-14,1,-3.475829293e-16,-3.489575144e-14,-8.990390247e-14,4.020212086e-17
