Cervical,Thoracic,Lumbar,Sacral,Caudal,varianceRatio
1,0,0,0,0,0.003769854753
0,1,0,0,0,0.002039782758
0,0,1,0,0,0.01615272328
0,0,0,1,0,0.01614748289
0,0,0,0,1,0.001450581052
