Cervical,Thoracic,Lumbar,Sacral,Caudal,varianceRatio
0,1,0,0,0,0.001364370609
0,0,1,0,0,0.001389607012
0,0,0,1,0,0.005360340863
0,0,0,0,1,0.003769854753
