Cervical,Thoracic,Lumbar,Sacral,Caudal,varianceRatio
12.78632479,0,0,0,0,0.003769854753
0,6.502136752,0,0,0,0.002039782758
0,0,0,0,0,0.01615272328
0,0,0,12,0,0.01614748289
0,0,0,0,6.631410256,0.001450581052
