Cervical,Thoracic,Lumbar,Sacral,Caudal,variance,varianceRatio
1,0,0,0,0,2.742092191,0.3014681418
0,0,0,1,0,4.878205128,0.5363143661
