Cervical,Thoracic,Lumbar,Sacral,Caudal,constantValue,varianceRatio
-0.05049695116,1,2.138020612e-15,0.001401886927,-0.08105284722,15.20616574,0.04320756138
-0.04026866586,2.200716103e-05,-7.133380178e-16,1,0.004904395263,1.205460749,0.003392176041
1,0.0005435972615,-2.75680337e-17,0.03461624943,0.0005700987561,1.089697703,0.0004707921328
-0,-7.958373619e-18,1,1.176906814e-16,6.595707711e-18,1.85611414e-16,7.884242949e-38
