Cervical,Thoracic,Lumbar,Sacral,Caudal,varianceRatio
1,0,0,0,0,0.0004826124541
0,1,0,0,0,0.04223458427
0,0,1,0,0,0.04284507082
0,0,0,1,0,0.04506713893
0,0,0,0,1,0.041896183
