Cervical,Thoracic,Lumbar,Sacral,Caudal,varianceRatio
-0.0373232705,0.0001977776595,-3.330669074e-16,0.9991541435,0.01726070627,0.0169366861
0.9992882688,0.005267066599,-1.387778781e-17,0.03728986776,0.002163224182,0.002599165566
-0,-1.531797731e-16,1,2.518479716e-16,4.971625257e-17,4.353813851e-37
