Cervical,Thoracic,Lumbar,Sacral,Caudal,std,outside_std,totalVar,constraintRatio,constraintThresholdLocal,span
0,0,1,0,0,0.0,2.5785236273137144,155.937,10,0.1,1
1,0,0,0,0,0.10897247358851683,4.960409683913309,155.937,10,0.1,1
0,0,0,1,0,0.3,5.472781392838097,155.937,10,0.1,1
0,0,0,0,1,6.973621727624749,19.367475427217755,155.937,10,0.1,1
0,1,0,0,0,9.970299644443994,50.00175788195079,155.937,10,0.1,1
