Cervical,Thoracic,Lumbar,Sacral,Caudal,varianceRatio
1.025,0,0,0,0,0.0004826124541
0,17.675,0,0,0,0.04223458427
0,0,0,0,0,0.04284507082
0,0,0,1.1,0,0.04506713893
0,0,0,0,29.84,0.041896183
