Cervical,Thoracic,Lumbar,Sacral,Caudal,varianceRatio
1,0,0,0,0,0.0004826124541
0,1,0,0,0,0.03975995422
0,0,1,0,0,0
0,0,0,1,0,0.003004874289
