Cervical,Thoracic,Lumbar,Sacral,Caudal,variance,varianceRatio
0,1,0,0,0,0.7186282038,0.04750952325
0,0,0,0,1,0.7714987738,0.05100487114
