Cervical,Thoracic,Lumbar,Sacral,Caudal,varianceRatio
13.60100575,0,0,0,0,0.005883047118
0,6.481896552,0,0,0,0.002315213948
0,0,0,0,0,0.0213635444
0,0,0,13.14655172,0,0.02122185093
0,0,0,0,6.555603448,0.001792818015
