Cervical,Thoracic,Lumbar,Sacral,Caudal,varianceRatio
0,6.481896552,0,0,0,0.0002267201413
0,0,0,0,0,0
0,0,0,0,6.555603448,0.001792818015
