Cervical,Thoracic,Lumbar,Sacral,Caudal,varianceRatio
1,0,0,0,0,0.005883047118
0,1,0,0,0,0.002315213948
0,0,1,0,0,0.0213635444
0,0,0,1,0,0.02122185093
0,0,0,0,1,0.001792818015
