Cervical,Thoracic,Lumbar,Sacral,Caudal,constantValue,varianceRatio
-0.1262077896,0.0565795747,2.611100518e-12,0.04781824297,1,5.834438532,0.001459284345
0.09505158252,1,-2.558806335e-11,-0.1116973744,-0.3676640621,3.895998569,0.0002241154997
1.315443395e-14,6.509982225e-14,1,-1.361058853e-14,-6.976939352e-14,-3.54289378e-14,5.0427523e-17
