Cervical,Thoracic,Lumbar,Sacral,Caudal,std,outside_std,totalVar,constraintRatio,constraintThresholdLocal,span
0,0,1,0,0,0.0,2.8004932521603694,15.125982216677807,10,0.1,1
0,1,0,0,0,0.8477194133958847,56.29982918117157,15.125982216677807,10,0.1,1
0,1,0,0,-1,1.0163654887860711,47.4728166245997,15.125982216677807,10,0.1,1
1,1,0,-1,-1,1.922536742403836,47.32063799737318,15.125982216677807,10,0.1,1
1,1,0,0,-1,2.4867170078868406,46.787433939662264,15.125982216677807,10,0.1,1
