Cervical,Thoracic,Lumbar,Sacral,Caudal,varianceRatio
0,6.481896552,0,0,0,0.00220130967
0,0,0,0,0,0.002249150997
0,0,0,13.14655172,0,0.008448786813
0,0,0,0,6.555603448,0.005883047118
