Cervical,Thoracic,Lumbar,Sacral,Caudal,varianceRatio
-0.03287497989,0.1429024829,3.426309489e-13,0.01342743295,0.9890994996,0.004077205915
0.009701740981,0.9896715465,-1.315683426e-12,-0.01229004097,-0.1424958288,0.0005083802627
2.611250294e-14,1.253016819e-12,1,-2.912549296e-14,-5.258984998e-13,1.241753267e-16
