Cervical,Thoracic,Lumbar,Sacral,Caudal,varianceRatio
0,1,0,0,0,0.00220130967
0,0,1,0,0,0.002249150997
0,0,0,1,0,0.008448786813
0,0,0,0,1,0.005883047118
