Cervical,Thoracic,Lumbar,Sacral,Caudal,variance,varianceRatio
1,0,0,0,0,5.772625904,0.3816364333
0,0,0,1,0,7.732832937,0.5112284826
