Cervical,Thoracic,Lumbar,Sacral,Caudal,varianceRatio
0.03177554475,0.1194923507,0.9920847636,-0.0002026983773,-0.02190145117,0.03362514958
0.3417539564,0.08922722556,-0.02159142653,0.9352861259,-0.004050745265,0.005855231466
0.9376522635,0.01471634691,-0.03241618365,-0.344876989,-0.02450949635,0.003061739708
