Cervical,Thoracic,Lumbar,Sacral,Caudal,variance,varianceRatio
1,0,0,0,0,0.5682087447,7.23199578e-05
0,0,1,0,0,1.278476262,0.0001627207434
0,0,0,1,0,1.373240758,0.000174782093
0,0,0,0,1,573.6730156,0.07301543432
