Cervical,Thoracic,Lumbar,Sacral,Caudal,constantValue,varianceRatio
0.3939028304,0.01060650202,-0.04940071384,1,-0.001229560313,3.521315075,0.017145423
1,0.001618666766,-0.06862722133,-0.341194773,-0.006883858485,2.329599674,0.03522396928
