Cervical,Thoracic,Lumbar,Sacral,Caudal,std,outside_std,totalVar,constraintRatio,constraintThresholdLocal,span
1,0,0,0,0,0.7537962222411575,5.147989607496019,7856.8732886606385,10,0.1,1
0,0,1,0,0,1.1306972459340499,2.7196788062695667,7856.8732886606385,10,0.1,1
0,0,0,1,0,1.1718535565999573,5.6176273875504155,7856.8732886606385,10,0.1,1
0,0,0,0,1,23.951472096202245,9.514231201945407,7856.8732886606385,10,0.1,1
