Cervical,Thoracic,Lumbar,Sacral,Caudal,varianceRatio
3.063926027,0,0,0,0,0.02144038552
0,0,0,1.493150685,0,0.04351518418
