Cervical,Thoracic,Lumbar,Sacral,Caudal,constantValue,varianceRatio
-0.1707663086,0.4797297138,-1,-0.3552559226,0.6096783407,68.00553217,21.46477518
