Cervical,Thoracic,Lumbar,Sacral,Caudal,varianceRatio
0,1,0,0,0,31.61510318
0,0,1,0,0,30.01843741
0,0,0,1,0,26.5774012
0,0,0,0,1,27.58360118
