Cervical,Thoracic,Lumbar,Sacral,Caudal,varianceRatio
3.063926027,0,0,0,0,27.58360118
0,85.63931507,0,0,0,28.58664244
