Cervical,Thoracic,Lumbar,Sacral,Caudal,varianceRatio
0,85.63931507,0,0,0,31.61510318
0,0,0.595890411,0,0,30.01843741
0,0,0,1.493150685,0,26.5774012
0,0,0,0,46.8630137,27.58360118
