Cervical,Thoracic,Lumbar,Sacral,Caudal,std,outside_std,totalVar,constraintRatio,constraintThresholdLocal,span
1,0,0,0,0,0.0,5.557484500428695,62.54795548654245,10,0.1,1
0,0,0,1,0,1.106774132147945,5.886046558131385,62.54795548654245,10,0.1,1
0,0,1,0,0,1.202617256364685,1.360432748634644,62.54795548654245,10,0.1,1
0,1,1,0,0,1.2521206501168247,53.4133189539669,62.54795548654245,10,0.1,1
0,1,1,0,-1,7.435861807237042,43.47384311969172,62.54795548654245,10,0.1,1
