Cervical,Thoracic,Lumbar,Sacral,Caudal,varianceRatio
1,0,0,0,0,0
0,1,0,0,0,0.0007796196117
0,0,1,0,0,0.0005832200687
0,0,0,1,0,0.0009576986955
0,0,0,0,1,0.01251625062
