Cervical,Thoracic,Lumbar,Sacral,Caudal,variance,varianceRatio
1,0,0,0,0,0,0
0,1,0,0,0,2.10434949,0.03364377738
0,0,1,0,0,1.446288265,0.02312287035
0,0,0,1,0,1.22494898,0.01958415699
