Cervical,Thoracic,Lumbar,Sacral,Caudal,varianceRatio
7,0,0,0,0,0
0,13.43928571,0,0,0,0.0007796196117
0,0,6.067857143,0,0,0.0005832200687
0,0,0,3.492857143,0,0.0009576986955
0,0,0,0,17.67857143,0.01251625062
