Cervical,Thoracic,Lumbar,Sacral,Caudal,varianceRatio
1.108518098e-16,0.01213925272,0.1407238815,0.9471670116,0.2879654142,0.04822377472
-2.029178768e-15,0.9992270209,0.03489531136,-0.0148390392,-0.01036730256,0.001386314215
1,2.030372205e-15,-4.933671108e-17,-1.313887166e-16,-1.42694206e-17,0
