Cervical,Thoracic,Lumbar,Sacral,Caudal,constantValue,varianceRatio
1.261642374e-16,0.001424900933,0.3179344739,1,0.08631239395,6.967067584,0.02414578742
-1.969050708e-14,1,0.672171363,-0.1335741227,-0.02649364528,16.58300039,0.0004966631145
1,2.093991425e-16,-9.793694036e-17,-1.218815666e-16,-3.757904096e-18,7,0
