Cervical,Thoracic,Lumbar,Sacral,Caudal,varianceRatio
7,0,0,0,0,0
0,13.43928571,0,0,0,0.0007350380536
0,0,0,3.492857143,0,0.03535660969
