Cervical,Thoracic,Lumbar,Sacral,Caudal,varianceRatio
7.022988506,0,0,0,0,0.001393385579
0,13.66954023,0,0,0,0.001335604997
0,0,0,3.511494253,0,0.05229316682
