Cervical,Thoracic,Lumbar,Sacral,Caudal,varianceRatio
1,0,0,0,0,0.001393385579
0,1,0,0,0,0.001335604997
0,0,0,1,0,0.05229316682
