Cervical,Thoracic,Lumbar,Sacral,Caudal,constantValue,varianceRatio
0.01903786511,0.001648671227,0.3541398845,1,0.110304928,7.748282938,0.04031698723
1,-0.009183704759,0.02295068346,-0.01699000006,4.208432519e-05,6.974077908,0.001284074097
0.8540815727,1,0.9991502497,-0.1789927762,-0.03335599339,24.3378096,0.0008213630293
