Cervical,Thoracic,Lumbar,Sacral,Caudal,varianceRatio
7.022988506,0,0,0,0,0.001393385579
0,13.66954023,0,0,0,0.00147066358
0,0,5.905172414,0,0,0.0008389663926
0,0,0,3.511494253,0,0.001700855271
0,0,0,0,18.03448276,0.01116391018
