Cervical,Thoracic,Lumbar,Sacral,Caudal,varianceRatio
1,0,0,0,0,0.001393385579
0,1,0,0,0,0.00147066358
0,0,1,0,0,0.0008389663926
0,0,0,1,0,0.001700855271
0,0,0,0,1,0.01116391018
