Cervical,Thoracic,Lumbar,Sacral,Caudal,variance,varianceRatio
1,0,0,0,0,0.0454485401,0.0007288470866
0,1,0,0,0,4.023698639,0.06452706785
0,0,1,0,0,1.675634166,0.02687173399
0,0,0,1,0,1.884925353,0.03022808542
