Cervical,Thoracic,Lumbar,Sacral,Caudal,varianceRatio
7.022988506,0,0,0,0,0.01116391018
0,13.66954023,0,0,0,0.01072585923
