Cervical,Thoracic,Lumbar,Sacral,Caudal,std,outside_std,totalVar,constraintRatio,constraintThresholdLocal,span
1,0,0,0,0,0.213186632080361,5.711159812731131,62.356756214915805,10,0.1,1
0,0,1,0,0,1.29446288694415,0.6924459998274322,62.356756214915805,10,0.1,1
0,0,1,1,0,1.419115530493867,5.922012412423899,62.356756214915805,10,0.1,1
0,1,1,0,0,1.5360210120992004,54.853869406013565,62.356756214915805,10,0.1,1
0,1,1,-1,-1,6.731874908276621,46.41118061583104,62.356756214915805,10,0.1,1
