Cervical,Thoracic,Lumbar,Sacral,Caudal,varianceRatio
0.01626533061,0.01365775975,0.15242042,0.9210107355,0.3578493332,0.07261811318
0.9958270208,-0.08867528241,0.01151338937,-0.01823884486,0.0001591347114,0.003519775925
0.08760293968,0.9945350393,0.05162663183,-0.01979132519,-0.01299133716,0.002021108186
