Cervical,Thoracic,Lumbar,Sacral,Caudal,varianceRatio
1,0,0,0,0,0.01304873582
0,1,0,0,0,0.0001069320567
0,0,1,0,0,0
0,0,0,1,0,0.03342970219
0,0,0,0,1,0.0009905552985
