Cervical,Thoracic,Lumbar,Sacral,Caudal,varianceRatio
11.61538462,0,0,0,0,0.0006586274574
0,6.096153846,0,0,0,0.0004674216974
0,0,0,0,0,0.004784801416
0,0,0,9.615384615,0,0.004826689411
0,0,0,0,6.355769231,0.0009905552985
