Cervical,Thoracic,Lumbar,Sacral,Caudal,varianceRatio
1,0,0,0,0,0.01304873582
0,1,0,0,0,0.0002508413521
0,0,1,0,0,0.0002545804494
0,0,0,1,0,0.000680880067
0,0,0,0,1,0.0006586274574
