Cervical,Thoracic,Lumbar,Sacral,Caudal,varianceRatio
11.61538462,0,0,0,0,0.01304873582
0,6.096153846,0,0,0,0.0001069320567
0,0,0,0,0,0
0,0,0,9.615384615,0,0.03342970219
0,0,0,0,6.355769231,0.0009905552985
