Cervical,Thoracic,Lumbar,Sacral,Caudal,varianceRatio
1,0,0,0,0,0.0006586274574
0,1,0,0,0,0.0004674216974
0,0,1,0,0,0.004784801416
0,0,0,1,0,0.004826689411
0,0,0,0,1,0.0009905552985
