Cervical,Thoracic,Lumbar,Sacral,Caudal,varianceRatio
-0.07134121216,0.1055114426,-2.220446049e-16,-0.0193805735,0.9916663553,0.01970144923
0.005573427109,0.9943563184,-2.831068713e-15,0.01302175005,-0.1051422034,0.002057306199
-0,2.907565092e-15,1,7.88527374e-17,-1.800782244e-16,6.002261589e-36
