Cervical,Thoracic,Lumbar,Sacral,Caudal,constantValue,varianceRatio
0.1191321161,-0.001188236301,0,1,0.008128198761,11.04356725,0.02963152232
1,0.0003306659537,0,-0.1043267847,0.01827718145,10.73042379,0.01764339305
-0.2731716035,0.04166715692,-1.687763656e-15,-0.06884012489,1,2.774861111,0.0007952931209
0.05434768487,1,-5.480061979e-14,0.1177898951,-0.2700070786,6.143915572,0.0001129931283
-0,1.510609975e-16,1,3.684854931e-17,-2.389044371e-17,1.123361908e-15,2.886119263e-37
