Cervical,Thoracic,Lumbar,Sacral,Caudal,varianceRatio
11.61538462,0,0,0,0,0.01304873582
0,6.096153846,0,0,0,0.0002508413521
0,0,0,0,0,0.0002545804494
0,0,0,9.615384615,0,0.000680880067
0,0,0,0,6.355769231,0.0006586274574
