Cervical,Thoracic,Lumbar,Sacral,Caudal,std,outside_std,totalVar,constraintRatio,constraintThresholdLocal,span
0,0,1,0,0,0.0,2.5919708036351845,2.063557692307692,10,0.1,1
0,1,0,0,0,0.5192307692307693,50.211877481443686,2.063557692307692,10,0.1,1
0,1,0,0,-1,0.7019230769230769,41.3815415160619,2.063557692307692,10,0.1,1
1,1,0,0,-1,0.8031580602985225,40.574901899839055,2.063557692307692,10,0.1,1
1,1,0,1,-1,1.1855032262327607,40.51784103610632,2.063557692307692,10,0.1,1
