Cervical,Thoracic,Lumbar,Sacral,Caudal,variance,varianceRatio
1,0,0,0,0,0.3328402367,0.1612943694
0,1,0,0,0,0.2696005917,0.1306484392
0,0,0,1,0,1.00591716,0.4874674275
0,0,0,0,1,0.3758321006,0.1821282254
