Cervical,Thoracic,Lumbar,Sacral,Caudal,varianceRatio
7.026315789,0,0,0,0,0.001650561063
0,13.72697368,0,0,0,0.001708876372
0,0,5.917763158,0,0,0.0009742594314
0,0,0,3.690789474,0,0.001786229853
0,0,0,0,17.69078947,0.0127402065
