Cervical,Thoracic,Lumbar,Sacral,Caudal,varianceRatio
0.01669283792,0.007953564145,0.1615743355,0.9319756683,0.3239956448,0.06313501142
0.9957706695,-0.08904148189,0.01183132517,-0.01929201883,0.0004753532557,0.003700443961
0.08802205483,0.9945178428,0.05291628794,-0.01470505353,-0.01303863613,0.002096849364
