Cervical,Thoracic,Lumbar,Sacral,Caudal,varianceRatio
7.026315789,0,0,0,0,0.001650561063
0,13.72697368,0,0,0,0.001552272069
0,0,0,3.690789474,0,0.05168714917
