Cervical,Thoracic,Lumbar,Sacral,Caudal,varianceRatio
1,0,0,0,0,0.001650561063
0,1,0,0,0,0.001552272069
0,0,0,1,0,0.05168714917
