Cervical,Thoracic,Lumbar,Sacral,Caudal,constantValue,varianceRatio
0.01930837145,0.0009488039759,0.370991692,1,0.09869473701,7.780909177,0.03820102252
1,-0.009222152269,0.02358578839,-0.0179720784,0.00012571772,6.975191545,0.001525348055
0.8379648361,0.9764412331,1,-0.1298616328,-0.03268931427,24.1515601,0.0009632086797
