Cervical,Thoracic,Lumbar,Sacral,Caudal,varianceRatio
7.026315789,0,0,0,0,0.0127402065
0,13.72697368,0,0,0,0.01224187833
