Cervical,Thoracic,Lumbar,Sacral,Caudal,std,outside_std,totalVar,constraintRatio,constraintThresholdLocal,span
1,0,0,0,0,0.2279014220485365,5.609591510036418,67.74480263157895,10,0.1,1
0,0,0,1,0,1.349871108035967,5.937464315267,67.74480263157895,10,0.1,1
0,0,1,1,0,1.4056602718514513,5.8286038519741465,67.74480263157895,10,0.1,1
0,1,1,0,0,1.6279139652071124,53.911672639761264,67.74480263157895,10,0.1,1
0,1,1,-1,-1,7.0255519001274935,45.61579829219443,67.74480263157895,10,0.1,1
