Cervical,Thoracic,Lumbar,Sacral,Caudal,variance,varianceRatio
1,0,0,0,0,0.05193905817,0.0007666869805
0,1,0,0,0,4.52496321,0.06679424892
0,0,1,0,0,1.86905947,0.02758971017
0,0,0,1,0,1.822152008,0.02689729599
