Cervical,Thoracic,Lumbar,Sacral,Caudal,varianceRatio
1,0,0,0,0,0.001650561063
0,1,0,0,0,0.001708876372
0,0,1,0,0,0.0009742594314
0,0,0,1,0,0.001786229853
0,0,0,0,1,0.0127402065
