Cervical,Thoracic,Lumbar,Sacral,Caudal,varianceRatio
1,0,0,0,0,0.008059659196
0,1,0,0,0,0.006957984888
0,0,1,0,0,0.04100880524
0,0,0,1,0,0.0370547661
0,0,0,0,1,0.03876530343
