Cervical,Thoracic,Lumbar,Sacral,Caudal,varianceRatio
-0.674467473,0.04871145847,0.1184775259,0.7044870078,0.1799498632,0.09798983669
0.2718464414,0.1403479468,0.4854962026,-0.04003045326,0.8179810305,0.0643947256
0.001128321367,-0.1353444765,0.8616469688,-0.009553668029,-0.4890335654,0.0113866209
0.01194980259,0.9792899924,0.04165721853,-0.01286759114,-0.1973509923,0.0003615206343
