Cervical,Thoracic,Lumbar,Sacral,Caudal,varianceRatio
0,1,0,0,0,0.001326893746
0,0,1,0,0,0.01708062107
0,0,0,0,1,0.03876530343
