Cervical,Thoracic,Lumbar,Sacral,Caudal,varianceRatio
0,6.727966102,0,0,0,0.002223675431
0,0,0.03389830508,0,0,0.002357216624
0,0,0,12.96610169,0,0.008400354068
0,0,0,0,7.080084746,0.008059659196
