Cervical,Thoracic,Lumbar,Sacral,Caudal,varianceRatio
0,1,0,0,0,0.002223675431
0,0,1,0,0,0.002357216624
0,0,0,1,0,0.008400354068
0,0,0,0,1,0.008059659196
