Cervical,Thoracic,Lumbar,Sacral,Caudal,std,outside_std,totalVar,constraintRatio,constraintThresholdLocal,span
0,0,1,0,0,0.36666623140311755,2.8055569306927324,38.6756667385721,10,0.1,1
1,0,0,-1,0,1.9374545233800449,2.0373741183921283,38.6756667385721,10,0.1,1
1,1,0,-1,0,2.6748908605124027,56.4479014012407,38.6756667385721,10,0.1,1
1,-1,0,0,1,2.8003399626220635,48.43678201040826,38.6756667385721,10,0.1,1
1,1,0,-1,-1,2.9133135538552533,47.43046611197837,38.6756667385721,10,0.1,1
