Cervical,Thoracic,Lumbar,Sacral,Caudal,varianceRatio
13.41285311,0,0,0,0,0.008059659196
0,6.727966102,0,0,0,0.006957984888
0,0,0.03389830508,0,0,0.04100880524
0,0,0,12.96610169,0,0.0370547661
0,0,0,0,7.080084746,0.03876530343
