Cervical,Thoracic,Lumbar,Sacral,Caudal,constantValue,varianceRatio
0.2820729741,0.01501907301,1,-0.03853082344,0.2235220701,5.00131011,0.03725573021
0.0006596705724,-0.008160825175,1,-0.005181367563,-0.07529607184,-0.612444094,0.005220577052
0.1183178243,1,0.8187589304,-0.1181861688,-0.5145980211,3.166888756,0.0002465034342
