Cervical,Thoracic,Lumbar,Sacral,Caudal,varianceRatio
0,6.727966102,0,0,0,0.001326893746
0,0,0.03389830508,0,0,0.01708062107
0,0,0,0,7.080084746,0.03876530343
