Cervical,Thoracic,Lumbar,Sacral,Caudal,variance,varianceRatio
1,0,0,0,0,7.732304194,0.1999268493
0,1,0,0,0,4.235310176,0.1095083946
0,0,0,1,0,9.494613617,0.245493211
0,0,0,0,1,16.75123474,0.4331207747
