Cervical,Thoracic,Lumbar,Sacral,Caudal,std,outside_std,totalVar,constraintRatio,constraintThresholdLocal,span
1,0,0,0,0,0.0,5.320221813820475,47.45045731707319,10,0.1,1
0,0,1,1,0,1.1002000791484425,5.649246762846721,47.45045731707319,10,0.1,1
0,0,0,1,0,1.1733963577975535,5.6828750914876345,47.45045731707319,10,0.1,1
0,1,1,0,0,1.2600576929843406,51.2078963169706,47.45045731707319,10,0.1,1
0,1,1,-1,-1,5.573290813671373,43.3872110785739,47.45045731707319,10,0.1,1
