Cervical,Thoracic,Lumbar,Sacral,Caudal,varianceRatio
7,0,0,0,0,0.009911056983
0,13.95731707,0,0,0,0.009488466221
0,0,0,3.585365854,0,0.09820030294
