Cervical,Thoracic,Lumbar,Sacral,Caudal,varianceRatio
1,0,0,0,0,0
0,1,0,0,0,0.0009783355995
0,0,1,0,0,0.0006424656836
0,0,0,1,0,0.001179681506
0,0,0,0,1,0.009911056983
