Cervical,Thoracic,Lumbar,Sacral,Caudal,constantValue,varianceRatio
-0,0.003574866426,-1,-0.2312646641,0.2403035156,-2.658237253,0.08390785847
-0,0.00392273334,0.3988808113,1,0.1064000844,7.842691761,0.02696100567
-0,1,0.7552298459,-0.297634334,-0.06477267826,16.301878,0.000558393256
1,0,0,0,0,7,2.750647302e-36
