Cervical,Thoracic,Lumbar,Sacral,Caudal,varianceRatio
-0,0.03252984696,0.1718538556,0.9219609262,0.3455374248,0.05039966291
-0,0.9983650206,0.03917341226,-0.03303632019,-0.02532451271,0.001562616661
1,0,0,0,0,7.884782598e-36
