Cervical,Thoracic,Lumbar,Sacral,Caudal,varianceRatio
1,0,0,0,0,0.009911056983
0,1,0,0,0,0.009488466221
0,0,0,1,0,0.09820030294
