Cervical,Thoracic,Lumbar,Sacral,Caudal,variance,varianceRatio
1,0,0,0,0,0,0
0,1,0,0,0,2.438726948,0.05139522538
0,0,1,0,0,1.421921475,0.02996644407
0,0,0,1,0,1.376859012,0.02901677013
