Cervical,Thoracic,Lumbar,Sacral,Caudal,varianceRatio
7,0,0,0,0,0
0,13.95731707,0,0,0,0.0009228519061
0,0,0,3.585365854,0,0.04263372218
