Cervical,Thoracic,Lumbar,Sacral,Caudal,varianceRatio
7,0,0,0,0,0
0,13.95731707,0,0,0,0.0009783355995
0,0,5.981707317,0,0,0.0006424656836
0,0,0,3.585365854,0,0.001179681506
0,0,0,0,17.07317073,0.009911056983
