Cervical,Thoracic,Lumbar,Sacral,Caudal,varianceRatio
0.3175100202,0.6890705947,0.5388117869,0.3514265852,-0.1027147318,0.08433840934
0.2823760114,-0.333699178,0.2043858498,0.3236930412,0.8138537253,0.05579778326
0.7589192682,0.03427815018,-0.06471523051,-0.6466023638,0.02416350379,0.01195148511
