Cervical,Thoracic,Lumbar,Sacral,Caudal,variance,varianceRatio
1,0,0,0,0,20.03958663,0.006245255044
0,0,1,0,0,7.369385009,0.002296638635
0,0,0,1,0,30.5518899,0.009521371276
