Cervical,Thoracic,Lumbar,Sacral,Caudal,std,outside_std,totalVar,constraintRatio,constraintThresholdLocal,span
1,0,0,-1,0,2.239577214235695,0.31809700944630537,3208.769936513529,10,0.1,1
1,0,-1,-1,0,2.6868514703704487,0.31809700944630537,3208.769936513529,10,0.1,1
1,0,1,0,0,4.520354482752747,0.05589722067296106,3208.769936513529,10,0.1,1
1,0,1,1,1,14.82209291408558,12.264364323945596,3208.769936513529,10,0.1,1
1,1,1,1,-1,39.78701271058785,31.43172451381747,3208.769936513529,10,0.1,1
