Cervical,Thoracic,Lumbar,Sacral,Caudal,std,outside_std,totalVar,plasticityRatio,constraintThresholdLocal,span
0,0,0,-1,0,5.527376403394093,0.31416895306305964,3208.769936513529,10,0.1,1
1,0,-1,1,0,6.394093270083779,0.3201055345924504,3208.769936513529,10,0.1,1
1,0,0,1,0,6.934235609303214,0.3201055345924504,3208.769936513529,10,0.1,1
0,1,0,0,1,47.57737502471028,32.3623287149208,3208.769936513529,10,0.1,1
0,-1,0,0,0,52.39352328496162,29.624639116478797,3208.769936513529,10,0.1,1
