Cervical,Thoracic,Lumbar,Sacral,Caudal,varianceRatio
8.60156397,0,0,0,0,6413.695393
0,0,0,6.538834951,0,309.5362742
