Cervical,Thoracic,Lumbar,Sacral,Caudal,constantValue,varianceRatio
0.9702750552,-0.0961415181,-0.5710924917,1,-0.2832046999,5.226995833,14.4091126
-0.08869692478,-0.02940554676,1,-0.1623218226,-0.03767198073,-1.577969626,15.56880437
1,0.004658231173,-0.1692728321,-0.7903540191,0.008385011886,3.425153042,19.30607961
