Cervical,Thoracic,Lumbar,Sacral,Caudal,varianceRatio
-0,0.04042237319,0.1756507158,0.922661113,0.3408948934,0.0483393866
-0,0.9981085671,0.03713746449,-0.04075065989,-0.02719339647,0.001540070771
1,0,0,0,0,2.987676636e-35
