Cervical,Thoracic,Lumbar,Sacral,Caudal,varianceRatio
7,0,0,0,0,0.01028706176
0,13.95394737,0,0,0,0.009848736009
