Cervical,Thoracic,Lumbar,Sacral,Caudal,variance,varianceRatio
1,0,0,0,0,0,0
0,1,0,0,0,2.57847126,0.05261565724
0,0,1,0,0,1.527917244,0.03117830756
0,0,0,1,0,1.423303324,0.02904358137
