Cervical,Thoracic,Lumbar,Sacral,Caudal,varianceRatio
7,0,0,0,0,0
0,13.95394737,0,0,0,0.000983619462
0,0,0,3.565789474,0,0.04440686071
