Cervical,Thoracic,Lumbar,Sacral,Caudal,varianceRatio
1,0,0,0,0,0
0,1,0,0,0,0.001042715815
0,0,1,0,0,0.0006860970901
0,0,0,1,0,0.001275101538
0,0,0,0,1,0.01028706176
