Cervical,Thoracic,Lumbar,Sacral,Caudal,constantValue,varianceRatio
-0,0.003525524818,-1,-0.2389731527,0.2509153266,-2.42184339,0.08604463925
-0,0.004870784018,0.4073841112,1,0.1048908668,7.904070101,0.02759032738
-0,1,0.7161624794,-0.3672295163,-0.0695706058,15.72383892,0.0005851322383
1,0,0,0,0,7,1.111992183e-35
