Cervical,Thoracic,Lumbar,Sacral,Caudal,std,outside_std,totalVar,constraintRatio,constraintThresholdLocal,span
1,0,0,0,0,0.0,5.297374839367888,49.005778805120904,10,0.1,1
0,0,1,1,0,1.111296970066359,5.632963478580383,49.005778805120904,10,0.1,1
0,0,0,1,0,1.1930227676367804,5.661398111017152,49.005778805120904,10,0.1,1
0,1,1,0,0,1.2967036836584123,50.99360648048556,49.005778805120904,10,0.1,1
0,1,1,-1,-1,5.648462149447371,43.20098146972874,49.005778805120904,10,0.1,1
