Cervical,Thoracic,Lumbar,Sacral,Caudal,varianceRatio
7,0,0,0,0,0
0,13.95394737,0,0,0,0.001042715815
0,0,5.993421053,0,0,0.0006860970901
0,0,0,3.565789474,0,0.001275101538
0,0,0,0,17.43421053,0.01028706176
